{"type":"FeatureCollection","features":[{"type":"Feature","geometry":{"type":"Polygon","coordinates":[[[2.31992,48.77073],[2.31854,48.76932],[2.31772,48.76852],[2.31722,48.76833],[2.31692,48.76782],[2.3165,48.76733],[2.31588,48.76677],[2.31567,48.7668],[2.31541,48.76606],[2.3153,48.76604],[2.3151,48.7657],[2.31509,48.76551],[2.31537,48.76544],[2.31528,48.76486],[2.31485,48.76401],[2.31479,48.76384],[2.31472,48.76345],[2.31437,48.76205],[2.31362,48.76229],[2.31334,48.76187],[2.3131,48.76159],[2.31338,48.76016],[2.31259,48.75937],[2.31271,48.75932],[2.30967,48.75638],[2.30869,48.75541],[2.31146,48.75433],[2.31089,48.75376],[2.31162,48.75302],[2.31125,48.75283],[2.31012,48.75219],[2.31166,48.75159],[2.31235,48.75135],[2.31415,48.75134],[2.3158,48.75058],[2.31704,48.75003],[2.31705,48.75017],[2.31767,48.75014],[2.31806,48.75],[2.31829,48.74987],[2.31859,48.74975],[2.31902,48.7497],[2.31931,48.74963],[2.32003,48.74902],[2.32072,48.74876],[2.31932,48.74712],[2.32047,48.74682],[2.31848,48.74504],[2.31755,48.74449],[2.3172,48.74472],[2.31636,48.74412],[2.31617,48.74432],[2.31434,48.7433],[2.31703,48.74089],[2.3169,48.74082],[2.31555,48.73993],[2.31564,48.73987],[2.31542,48.73962],[2.31417,48.7389],[2.31432,48.73877],[2.31303,48.7382],[2.3146,48.73686],[2.31816,48.73788],[2.31872,48.73702],[2.31838,48.73673],[2.31781,48.73617],[2.31732,48.73558],[2.31667,48.73454],[2.31648,48.73384],[2.31596,48.73375],[2.31567,48.73374],[2.31529,48.73367],[2.31542,48.73334],[2.31517,48.73255],[2.31492,48.7319],[2.31475,48.73129],[2.31461,48.73095],[2.31444,48.73042],[2.31422,48.73032],[2.31375,48.73032],[2.31329,48.73028],[2.31237,48.73014],[2.30855,48.72944],[2.30792,48.72935],[2.30691,48.72936],[2.30592,48.72941],[2.30384,48.72949],[2.30383,48.72965],[2.3034,48.73072],[2.30344,48.73092],[2.30296,48.7323],[2.30273,48.7329],[2.30205,48.73437],[2.30178,48.73501],[2.30168,48.73544],[2.30155,48.73624],[2.30167,48.73672],[2.30179,48.73743],[2.30204,48.73869],[2.30235,48.74019],[2.30246,48.7408],[2.3017,48.7403],[2.30121,48.74006],[2.30052,48.73963],[2.29965,48.73919],[2.29855,48.73872],[2.29813,48.73852],[2.29733,48.73817],[2.29593,48.73771],[2.29537,48.73755],[2.29398,48.73692],[2.29322,48.73667],[2.29177,48.73623],[2.29101,48.73599],[2.29018,48.73574],[2.28964,48.73555],[2.28813,48.73517],[2.2854,48.73464],[2.2832,48.7341],[2.28214,48.73385],[2.28127,48.73357],[2.28072,48.73331],[2.28021,48.73298],[2.27988,48.73275],[2.27975,48.73285],[2.27928,48.73337],[2.27905,48.73369],[2.27893,48.73392],[2.27863,48.73425],[2.27811,48.7346],[2.2778,48.73489],[2.2773,48.7355],[2.27677,48.73636],[2.27611,48.73734],[2.27586,48.73768],[2.27536,48.73843],[2.27518,48.73906],[2.27535,48.7394],[2.27538,48.73959],[2.2751,48.73993],[2.27482,48.74009],[2.27455,48.7407],[2.27513,48.74085],[2.27578,48.74068],[2.27599,48.74068],[2.27623,48.74077],[2.27642,48.74098],[2.27687,48.74161],[2.27704,48.7417],[2.27734,48.74175],[2.27743,48.74187],[2.27799,48.74213],[2.27822,48.7423],[2.27848,48.74238],[2.27875,48.74238],[2.27877,48.74258],[2.27908,48.7427],[2.27912,48.74277],[2.27939,48.74273],[2.27936,48.74298],[2.27967,48.74303],[2.27973,48.7432],[2.27997,48.74314],[2.28021,48.74337],[2.28048,48.74358],[2.28082,48.74367],[2.28111,48.74369],[2.28113,48.7438],[2.28143,48.74384],[2.28152,48.74403],[2.28188,48.74428],[2.2823,48.74443],[2.28239,48.74461],[2.28281,48.74465],[2.28304,48.74487],[2.28336,48.74489],[2.28356,48.74505],[2.28389,48.74516],[2.28436,48.74541],[2.28483,48.74564],[2.28446,48.74593],[2.28412,48.74616],[2.28496,48.74713],[2.28536,48.74751],[2.28482,48.74797],[2.2846,48.74818],[2.28396,48.74865],[2.28363,48.74903],[2.28342,48.74918],[2.28318,48.74928],[2.283,48.74949],[2.28273,48.74961],[2.28241,48.74986],[2.28198,48.75051],[2.28208,48.75076],[2.28143,48.75106],[2.28099,48.75155],[2.28103,48.75161],[2.28046,48.75231],[2.28002,48.75266],[2.27964,48.75301],[2.2786,48.75343],[2.27823,48.75356],[2.27745,48.75379],[2.27728,48.75383],[2.2774,48.75401],[2.27676,48.7542],[2.27603,48.75451],[2.27569,48.7547],[2.27541,48.75495],[2.27506,48.75517],[2.275,48.75525],[2.27538,48.75569],[2.27612,48.75662],[2.2758,48.75675],[2.27532,48.75689],[2.27401,48.75716],[2.27297,48.7574],[2.27142,48.75778],[2.27088,48.75785],[2.27062,48.75784],[2.26983,48.75774],[2.26943,48.75765],[2.26977,48.75819],[2.27039,48.75939],[2.27089,48.76056],[2.27092,48.7607],[2.27074,48.76071],[2.26868,48.7607],[2.2687,48.76091],[2.26898,48.7618],[2.26898,48.76196],[2.26888,48.76203],[2.268,48.76221],[2.2673,48.76232],[2.26717,48.76232],[2.2669,48.76218],[2.26493,48.76145],[2.26454,48.76126],[2.26237,48.76008],[2.262,48.75979],[2.26062,48.76049],[2.25939,48.76101],[2.25837,48.76117],[2.25771,48.76121],[2.25682,48.76129],[2.25632,48.76127],[2.25559,48.76136],[2.25501,48.76139],[2.25446,48.76114],[2.25315,48.76109],[2.25193,48.7608],[2.25164,48.76074],[2.25136,48.76077],[2.25028,48.76132],[2.25018,48.76147],[2.24933,48.76185],[2.24701,48.76082],[2.247,48.76084],[2.24524,48.76263],[2.2437,48.76304],[2.24093,48.76372],[2.2407,48.76377],[2.23999,48.76472],[2.23859,48.76647],[2.2377,48.76644],[2.23733,48.7664],[2.23297,48.76619],[2.23285,48.76599],[2.2326,48.76603],[2.23282,48.76627],[2.23272,48.76765],[2.23272,48.76799],[2.23293,48.76854],[2.23302,48.76895],[2.23312,48.76912],[2.23306,48.76938],[2.23291,48.76964],[2.23282,48.76993],[2.23263,48.77019],[2.23229,48.77049],[2.23202,48.77086],[2.23179,48.77102],[2.23148,48.77112],[2.23076,48.7712],[2.23056,48.77136],[2.23049,48.77151],[2.23041,48.77194],[2.23043,48.77228],[2.23059,48.77281],[2.23072,48.77316],[2.23074,48.77337],[2.23068,48.77365],[2.23044,48.77395],[2.23021,48.77408],[2.22984,48.77418],[2.22911,48.77443],[2.22884,48.77447],[2.22868,48.77451],[2.22864,48.77468],[2.2283,48.77496],[2.2281,48.77537],[2.22785,48.77565],[2.22727,48.77598],[2.22707,48.77614],[2.22655,48.7761],[2.22624,48.77616],[2.22562,48.77633],[2.22523,48.7765],[2.22495,48.77668],[2.2248,48.77707],[2.22457,48.77745],[2.22411,48.7778],[2.22403,48.77794],[2.22398,48.77822],[2.224,48.77843],[2.2242,48.77881],[2.22426,48.77905],[2.22419,48.77942],[2.22403,48.77974],[2.22402,48.78015],[2.22372,48.78041],[2.22369,48.78065],[2.2248,48.78085],[2.22662,48.78158],[2.22606,48.78231],[2.22523,48.78336],[2.22435,48.78456],[2.22407,48.78498],[2.22332,48.78594],[2.22138,48.78593],[2.21977,48.78546],[2.21924,48.78536],[2.21151,48.78814],[2.20932,48.78772],[2.20896,48.7876],[2.20712,48.78523],[2.207,48.78534],[2.20652,48.78471],[2.20627,48.78489],[2.20877,48.78786],[2.21066,48.79012],[2.21163,48.79126],[2.21149,48.79132],[2.21004,48.79366],[2.20994,48.79388],[2.20763,48.79469],[2.20699,48.79493],[2.20601,48.79497],[2.20553,48.79514],[2.20534,48.79524],[2.20497,48.79553],[2.20447,48.79578],[2.2044,48.79598],[2.20451,48.79613],[2.20471,48.79659],[2.20467,48.79683],[2.20451,48.79712],[2.20431,48.79731],[2.20345,48.79772],[2.20321,48.79789],[2.20262,48.79843],[2.1987,48.79847],[2.19859,48.79846],[2.19841,48.79862],[2.19738,48.79805],[2.19653,48.79755],[2.19518,48.79749],[2.19467,48.79749],[2.19309,48.79744],[2.19235,48.79744],[2.1914,48.7974],[2.18942,48.79735],[2.18668,48.7973],[2.18579,48.79727],[2.18294,48.79723],[2.18495,48.79897],[2.18556,48.79951],[2.18583,48.79977],[2.18668,48.8005],[2.18696,48.80071],[2.18644,48.80087],[2.1859,48.80102],[2.18563,48.80106],[2.18521,48.80104],[2.18487,48.80098],[2.184,48.80087],[2.18352,48.80079],[2.18259,48.80061],[2.18249,48.80066],[2.18196,48.8006],[2.18044,48.80453],[2.18049,48.80466],[2.18042,48.80481],[2.18307,48.80526],[2.18192,48.80618],[2.18205,48.80624],[2.18157,48.80667],[2.18039,48.80806],[2.18037,48.80818],[2.1796,48.80879],[2.17949,48.80883],[2.17855,48.80959],[2.17818,48.80944],[2.17727,48.81009],[2.1774,48.81023],[2.17639,48.81092],[2.17636,48.81105],[2.17659,48.81158],[2.17645,48.81173],[2.17613,48.81181],[2.17598,48.81189],[2.17592,48.81203],[2.17586,48.81262],[2.17592,48.8128],[2.17615,48.81301],[2.17667,48.81381],[2.17674,48.81401],[2.17571,48.81459],[2.17482,48.81511],[2.1741,48.81517],[2.17136,48.81558],[2.16932,48.81591],[2.16813,48.81382],[2.16788,48.81344],[2.16767,48.81308],[2.16739,48.81283],[2.16686,48.81255],[2.16653,48.8123],[2.16527,48.81232],[2.16442,48.81236],[2.16273,48.81243],[2.16204,48.81254],[2.16162,48.81265],[2.16128,48.81278],[2.16091,48.8129],[2.16049,48.81308],[2.15986,48.81349],[2.15854,48.81396],[2.15734,48.81457],[2.15691,48.81481],[2.15568,48.81542],[2.15449,48.81606],[2.1543,48.81612],[2.15342,48.8161],[2.15324,48.81614],[2.15263,48.81646],[2.15212,48.81671],[2.15164,48.81697],[2.1514,48.81728],[2.15123,48.81764],[2.15088,48.81791],[2.15076,48.81823],[2.15075,48.81884],[2.1503,48.81875],[2.15059,48.81945],[2.15079,48.81987],[2.15124,48.8207],[2.15142,48.82113],[2.15147,48.82141],[2.15096,48.82261],[2.15045,48.82367],[2.14902,48.82696],[2.14876,48.82773],[2.14848,48.82849],[2.14791,48.83022],[2.14736,48.83172],[2.14733,48.83187],[2.14702,48.83285],[2.14595,48.83587],[2.14591,48.83617],[2.14587,48.8369],[2.14621,48.83816],[2.14626,48.83845],[2.14622,48.83868],[2.14609,48.83896],[2.14582,48.8393],[2.14572,48.83954],[2.14572,48.83969],[2.14584,48.8408],[2.14573,48.84177],[2.14748,48.84319],[2.14863,48.84481],[2.14875,48.84501],[2.14964,48.84625],[2.14985,48.84631],[2.14987,48.84654],[2.14998,48.8467],[2.15062,48.84755],[2.15077,48.8477],[2.15104,48.8481],[2.15153,48.84848],[2.15173,48.84846],[2.1518,48.84867],[2.15197,48.84877],[2.15303,48.84887],[2.15321,48.84885],[2.15359,48.84874],[2.15458,48.84842],[2.15652,48.84786],[2.15708,48.84774],[2.15839,48.84756],[2.15987,48.84754],[2.15989,48.84764],[2.15987,48.84776],[2.15938,48.84815],[2.1593,48.84848],[2.15914,48.84929],[2.15883,48.84954],[2.15784,48.85019],[2.15655,48.85119],[2.15488,48.8524],[2.15438,48.85275],[2.15425,48.85332],[2.15247,48.85474],[2.15075,48.85615],[2.15126,48.85655],[2.15117,48.85656],[2.15018,48.85696],[2.15013,48.857],[2.15047,48.85776],[2.15034,48.85804],[2.15069,48.85823],[2.151,48.85816],[2.15154,48.8591],[2.15013,48.85953],[2.15117,48.86058],[2.15184,48.8609],[2.15243,48.86114],[2.15329,48.86141],[2.15318,48.86183],[2.1531,48.86199],[2.15322,48.86237],[2.1534,48.86263],[2.15402,48.86318],[2.15435,48.86345],[2.15494,48.86378],[2.15418,48.86422],[2.15376,48.8644],[2.15398,48.8647],[2.1542,48.86513],[2.15437,48.8658],[2.15448,48.86607],[2.15465,48.86633],[2.15488,48.86659],[2.1554,48.86706],[2.15556,48.86727],[2.15588,48.86754],[2.15641,48.86818],[2.1567,48.86847],[2.15716,48.8688],[2.1573,48.86894],[2.15735,48.86919],[2.15719,48.86964],[2.15547,48.86916],[2.15267,48.86837],[2.1522,48.86826],[2.15205,48.86825],[2.14873,48.86844],[2.14848,48.86847],[2.14802,48.86931],[2.14886,48.86974],[2.14937,48.87006],[2.15008,48.87059],[2.15039,48.87086],[2.15216,48.87246],[2.15274,48.87312],[2.15345,48.87413],[2.15426,48.87518],[2.15555,48.87706],[2.15583,48.87738],[2.15689,48.87888],[2.15727,48.87945],[2.15753,48.87977],[2.15776,48.88012],[2.15805,48.88041],[2.15832,48.88061],[2.15889,48.8808],[2.15973,48.88112],[2.16028,48.88128],[2.16066,48.88135],[2.16103,48.88145],[2.1618,48.88175],[2.16226,48.88202],[2.16271,48.88234],[2.16306,48.88265],[2.1633,48.88294],[2.16347,48.88345],[2.16354,48.88386],[2.16353,48.88439],[2.16349,48.88488],[2.16341,48.88503],[2.16335,48.88541],[2.163,48.88665],[2.16293,48.88706],[2.16292,48.88732],[2.16308,48.88794],[2.16338,48.88857],[2.16369,48.88903],[2.16395,48.88933],[2.16414,48.88962],[2.1657,48.89105],[2.16604,48.89133],[2.16625,48.89163],[2.16664,48.89209],[2.16675,48.89227],[2.1671,48.8932],[2.16737,48.89369],[2.16757,48.89398],[2.16781,48.89437],[2.16833,48.895],[2.16893,48.8955],[2.16935,48.89582],[2.17006,48.89639],[2.17071,48.89689],[2.1713,48.8973],[2.1719,48.89764],[2.1723,48.89783],[2.17319,48.89836],[2.1737,48.89864],[2.17438,48.89906],[2.17568,48.89989],[2.17659,48.90035],[2.17737,48.90067],[2.18083,48.90194],[2.18154,48.90219],[2.18262,48.90253],[2.18521,48.90306],[2.1869,48.90336],[2.18814,48.90364],[2.19008,48.90411],[2.19096,48.90433],[2.19199,48.90461],[2.19261,48.9048],[2.19312,48.90499],[2.19406,48.90536],[2.19442,48.90558],[2.1955,48.90633],[2.19639,48.9069],[2.19703,48.90721],[2.20003,48.90844],[2.20047,48.90863],[2.20121,48.90896],[2.2022,48.90933],[2.20357,48.9099],[2.20447,48.91024],[2.20598,48.91084],[2.2068,48.91124],[2.20767,48.91169],[2.20829,48.91206],[2.20972,48.91299],[2.211,48.91386],[2.2112,48.91398],[2.21214,48.9147],[2.21257,48.9151],[2.21317,48.9157],[2.2142,48.91656],[2.21547,48.91741],[2.21672,48.91822],[2.2191,48.91979],[2.2204,48.92061],[2.22297,48.92224],[2.2246,48.92329],[2.22675,48.92474],[2.22784,48.9255],[2.23027,48.92713],[2.23114,48.92773],[2.23175,48.92808],[2.23301,48.92877],[2.23494,48.92978],[2.23609,48.9304],[2.23687,48.93072],[2.23768,48.93109],[2.23888,48.93156],[2.24177,48.93285],[2.24264,48.93342],[2.2435,48.93405],[2.2442,48.93459],[2.24458,48.93485],[2.24587,48.93583],[2.24727,48.9366],[2.24756,48.93674],[2.24856,48.93721],[2.24905,48.93741],[2.25034,48.93803],[2.251,48.93832],[2.2517,48.93861],[2.25289,48.93911],[2.25373,48.93944],[2.25527,48.94007],[2.25558,48.94019],[2.25607,48.9406],[2.25708,48.94137],[2.25791,48.94192],[2.25863,48.94236],[2.25982,48.94295],[2.26027,48.94314],[2.26092,48.94344],[2.26178,48.94376],[2.26316,48.9442],[2.2636,48.94439],[2.26518,48.94498],[2.26671,48.94573],[2.26715,48.94593],[2.26815,48.94634],[2.26861,48.94654],[2.26909,48.94669],[2.26969,48.94682],[2.27067,48.94706],[2.27247,48.9474],[2.27508,48.948],[2.279,48.94904],[2.28149,48.94976],[2.28505,48.95037],[2.28546,48.95042],[2.28796,48.95076],[2.29081,48.95109],[2.29246,48.95075],[2.2934,48.95063],[2.29564,48.95053],[2.29793,48.9505],[2.29919,48.95049],[2.30116,48.95025],[2.30311,48.94997],[2.30636,48.94916],[2.30861,48.94865],[2.31057,48.94819],[2.31167,48.94795],[2.31366,48.94758],[2.31557,48.94728],[2.31707,48.94711],[2.31897,48.94682],[2.32045,48.94654],[2.32234,48.94628],[2.32415,48.94598],[2.32595,48.94559],[2.32799,48.94506],[2.32947,48.94462],[2.33093,48.94406],[2.33211,48.94355],[2.3332,48.94294],[2.33403,48.94231],[2.33491,48.94156],[2.33544,48.9409],[2.33585,48.94],[2.33639,48.93836],[2.33662,48.93691],[2.33696,48.93535],[2.3369,48.93468],[2.3369,48.93378],[2.33678,48.93336],[2.33639,48.93228],[2.33603,48.9316],[2.33529,48.93006],[2.3345,48.92869],[2.33363,48.92754],[2.33277,48.92666],[2.33194,48.92598],[2.33092,48.92498],[2.32992,48.92397],[2.32883,48.92304],[2.32845,48.92276],[2.32751,48.92205],[2.32698,48.9216],[2.32644,48.92111],[2.32595,48.92069],[2.32554,48.92047],[2.32481,48.92021],[2.32387,48.91977],[2.32271,48.91917],[2.32202,48.91867],[2.32154,48.91826],[2.32127,48.91798],[2.32105,48.91765],[2.3202,48.9164],[2.31982,48.91594],[2.31884,48.91563],[2.31729,48.91516],[2.31636,48.91488],[2.31406,48.91415],[2.31377,48.91405],[2.3145,48.91309],[2.31558,48.9116],[2.31601,48.91105],[2.3166,48.91027],[2.31627,48.91016],[2.3168,48.9096],[2.31832,48.90805],[2.31836,48.90798],[2.318,48.9079],[2.31854,48.90723],[2.31929,48.90641],[2.32021,48.90536],[2.32085,48.90467],[2.32087,48.90461],[2.32059,48.90375],[2.32046,48.90349],[2.32025,48.90292],[2.31961,48.90136],[2.31989,48.90046],[2.31852,48.89964],[2.31245,48.89778],[2.31232,48.89773],[2.31067,48.89713],[2.30769,48.89601],[2.30572,48.89509],[2.30377,48.89415],[2.30184,48.89324],[2.30059,48.89263],[2.29863,48.89172],[2.29733,48.89105],[2.29548,48.8901],[2.29501,48.88988],[2.29404,48.88974],[2.29294,48.88962],[2.29163,48.88946],[2.29115,48.8893],[2.29053,48.88896],[2.28564,48.88656],[2.28446,48.88564],[2.28454,48.88557],[2.28101,48.88297],[2.2809,48.88279],[2.28063,48.8816],[2.28054,48.88111],[2.27995,48.87857],[2.27947,48.87853],[2.27749,48.87797],[2.26461,48.87962],[2.25886,48.88033],[2.25847,48.88039],[2.25541,48.87426],[2.25482,48.87408],[2.24653,48.87614],[2.24625,48.87623],[2.2457,48.87646],[2.24516,48.8759],[2.24395,48.87471],[2.24327,48.87402],[2.24272,48.87354],[2.24186,48.8729],[2.24124,48.87251],[2.24035,48.87203],[2.23959,48.87171],[2.23843,48.87131],[2.23744,48.87102],[2.23666,48.87082],[2.23558,48.87052],[2.2337,48.8699],[2.23287,48.86959],[2.23217,48.86929],[2.23174,48.86907],[2.23066,48.86808],[2.23018,48.8675],[2.2298,48.86707],[2.22838,48.86538],[2.22814,48.86492],[2.22775,48.86384],[2.22718,48.86239],[2.22699,48.862],[2.22597,48.86002],[2.22567,48.85941],[2.22532,48.85852],[2.22452,48.85654],[2.22441,48.85615],[2.22431,48.8557],[2.22427,48.85509],[2.22422,48.85352],[2.22591,48.85304],[2.22623,48.85296],[2.22659,48.85281],[2.22923,48.85222],[2.23154,48.85174],[2.2323,48.85159],[2.23358,48.8513],[2.23566,48.85082],[2.23738,48.85044],[2.23918,48.85004],[2.23977,48.84983],[2.24018,48.84957],[2.2405,48.84932],[2.24152,48.84841],[2.24176,48.84814],[2.24236,48.84766],[2.24324,48.84743],[2.24552,48.84686],[2.24987,48.84573],[2.25052,48.84556],[2.25077,48.84553],[2.25248,48.84549],[2.25191,48.84429],[2.25174,48.84397],[2.25122,48.84289],[2.25131,48.84206],[2.25171,48.83882],[2.25192,48.83864],[2.25239,48.83804],[2.25355,48.83668],[2.25483,48.83518],[2.25514,48.83481],[2.25654,48.83464],[2.257,48.8346],[2.2585,48.83442],[2.26149,48.83407],[2.26279,48.83392],[2.26748,48.83459],[2.26779,48.83459],[2.2681,48.83443],[2.26993,48.83301],[2.26965,48.83286],[2.26734,48.83153],[2.26763,48.82797],[2.26783,48.82784],[2.27279,48.82792],[2.27293,48.82804],[2.27528,48.82945],[2.2753,48.82944],[2.2763,48.83023],[2.27883,48.83229],[2.27905,48.83249],[2.27995,48.83214],[2.28267,48.83115],[2.28359,48.8308],[2.28472,48.83029],[2.28669,48.82945],[2.28941,48.82833],[2.29024,48.82799],[2.29219,48.82714],[2.30018,48.82538],[2.30132,48.82513],[2.30319,48.82473],[2.30696,48.82387],[2.31415,48.82229],[2.3206,48.82087],[2.32166,48.82063],[2.32556,48.81977],[2.33041,48.8187],[2.33246,48.81825],[2.3319,48.81701],[2.32906,48.81378],[2.32851,48.81309],[2.32824,48.81278],[2.32653,48.81069],[2.32556,48.80958],[2.32524,48.80961],[2.32356,48.80968],[2.32189,48.80974],[2.31939,48.80998],[2.31908,48.81001],[2.31866,48.80943],[2.31786,48.80841],[2.31834,48.80602],[2.3193,48.80606],[2.32041,48.80613],[2.32103,48.80569],[2.32174,48.80595],[2.324,48.80536],[2.32428,48.80586],[2.32444,48.80582],[2.32434,48.80669],[2.32454,48.80699],[2.32479,48.80702],[2.32476,48.80761],[2.325,48.80815],[2.32525,48.80842],[2.32636,48.8083],[2.32618,48.80753],[2.32598,48.80673],[2.32543,48.80535],[2.32451,48.80298],[2.32394,48.80155],[2.32367,48.8009],[2.3233,48.79992],[2.32186,48.79628],[2.32153,48.79536],[2.32072,48.79325],[2.31991,48.79121],[2.31979,48.79085],[2.31884,48.78841],[2.3187,48.788],[2.32055,48.78745],[2.32208,48.78702],[2.32366,48.78666],[2.32512,48.78632],[2.32474,48.78448],[2.32491,48.78443],[2.32437,48.78332],[2.32484,48.78323],[2.32444,48.78224],[2.32564,48.78197],[2.32582,48.78191],[2.32559,48.78144],[2.32484,48.77993],[2.32504,48.7799],[2.32458,48.77907],[2.32662,48.77873],[2.32621,48.77802],[2.32572,48.77708],[2.32559,48.77707],[2.32503,48.77725],[2.32424,48.77636],[2.32374,48.77658],[2.32322,48.77574],[2.32304,48.77547],[2.3228,48.77524],[2.32172,48.77361],[2.32131,48.77285],[2.32073,48.77189],[2.32056,48.77144],[2.32019,48.77099],[2.31992,48.77073]]]},"properties":{"dep":"92","code":"92","nom":"92"}},{"type":"Feature","geometry":{"type":"Polygon","coordinates":[[[2.3703,48.90185],[2.3691,48.90182],[2.36796,48.90181],[2.36562,48.90176],[2.35524,48.90155],[2.35198,48.90149],[2.34499,48.90135],[2.33794,48.90121],[2.332,48.90108],[2.33015,48.90104],[2.32653,48.90098],[2.32584,48.90095],[2.32327,48.90081],[2.32217,48.90079],[2.32207,48.90083],[2.32043,48.90078],[2.31989,48.90046],[2.31961,48.90136],[2.32025,48.90292],[2.32046,48.90349],[2.32059,48.90375],[2.32087,48.90461],[2.32085,48.90467],[2.32021,48.90536],[2.31929,48.90641],[2.31854,48.90723],[2.318,48.9079],[2.31836,48.90798],[2.31832,48.90805],[2.3168,48.9096],[2.31627,48.91016],[2.3166,48.91027],[2.31601,48.91105],[2.31558,48.9116],[2.3145,48.91309],[2.31377,48.91405],[2.31406,48.91415],[2.31636,48.91488],[2.31729,48.91516],[2.31884,48.91563],[2.31982,48.91594],[2.3202,48.9164],[2.32105,48.91765],[2.32127,48.91798],[2.32154,48.91826],[2.32202,48.91867],[2.32271,48.91917],[2.32387,48.91977],[2.32481,48.92021],[2.32554,48.92047],[2.32595,48.92069],[2.32644,48.92111],[2.32698,48.9216],[2.32751,48.92205],[2.32845,48.92276],[2.32883,48.92304],[2.32992,48.92397],[2.33092,48.92498],[2.33194,48.92598],[2.33277,48.92666],[2.33363,48.92754],[2.3345,48.92869],[2.33529,48.93006],[2.33603,48.9316],[2.33639,48.93228],[2.33678,48.93336],[2.3369,48.93378],[2.3369,48.93468],[2.33696,48.93535],[2.33662,48.93691],[2.33639,48.93836],[2.33585,48.94],[2.33544,48.9409],[2.33491,48.94156],[2.33403,48.94231],[2.3332,48.94294],[2.33211,48.94355],[2.33093,48.94406],[2.32947,48.94462],[2.32799,48.94506],[2.32595,48.94559],[2.32415,48.94598],[2.32234,48.94628],[2.32045,48.94654],[2.31897,48.94682],[2.31707,48.94711],[2.31557,48.94728],[2.31366,48.94758],[2.31167,48.94795],[2.31057,48.94819],[2.30861,48.94865],[2.30636,48.94916],[2.30311,48.94997],[2.30116,48.95025],[2.29919,48.95049],[2.29793,48.9505],[2.29564,48.95053],[2.2934,48.95063],[2.29246,48.95075],[2.29081,48.95109],[2.29222,48.95147],[2.29194,48.95198],[2.28963,48.95603],[2.28833,48.95838],[2.28893,48.95944],[2.29033,48.96171],[2.29209,48.96273],[2.29272,48.96304],[2.29491,48.96421],[2.29856,48.96616],[2.29888,48.96631],[2.29922,48.96615],[2.30007,48.96585],[2.3005,48.96573],[2.30115,48.96548],[2.3015,48.96527],[2.3019,48.96494],[2.30311,48.96404],[2.30354,48.96367],[2.30509,48.96222],[2.30677,48.963],[2.30714,48.96274],[2.30752,48.96293],[2.30838,48.9633],[2.30894,48.96351],[2.30935,48.9627],[2.30984,48.96222],[2.31018,48.96195],[2.31037,48.96175],[2.31069,48.96187],[2.31089,48.962],[2.31098,48.96216],[2.31301,48.96241],[2.31306,48.96233],[2.3134,48.96212],[2.31561,48.96088],[2.31628,48.96048],[2.31795,48.95953],[2.31884,48.95905],[2.31909,48.95894],[2.31977,48.95847],[2.31987,48.95845],[2.32062,48.95813],[2.32269,48.95753],[2.32299,48.9576],[2.32533,48.95826],[2.32574,48.95841],[2.32792,48.95952],[2.32922,48.95847],[2.33025,48.95779],[2.3308,48.95737],[2.33215,48.9563],[2.33336,48.95532],[2.33364,48.95565],[2.33402,48.95617],[2.33427,48.95605],[2.33506,48.95681],[2.33552,48.95714],[2.33564,48.95712],[2.33636,48.95774],[2.33651,48.95805],[2.33699,48.95868],[2.33808,48.96007],[2.33764,48.96072],[2.33745,48.96091],[2.33797,48.96163],[2.33842,48.96222],[2.33893,48.96292],[2.33939,48.96271],[2.33987,48.96255],[2.34387,48.96842],[2.34445,48.96823],[2.34466,48.96819],[2.34508,48.96819],[2.3455,48.96807],[2.34708,48.96766],[2.34729,48.9677],[2.3485,48.9675],[2.34916,48.96735],[2.35,48.96713],[2.35052,48.96702],[2.35158,48.96662],[2.35164,48.96619],[2.35201,48.96591],[2.35232,48.96578],[2.35257,48.96573],[2.35347,48.96562],[2.35365,48.96583],[2.35392,48.96576],[2.3548,48.9669],[2.35536,48.96744],[2.35653,48.96843],[2.35693,48.96878],[2.35656,48.96898],[2.35642,48.9691],[2.35751,48.97083],[2.35793,48.9714],[2.3582,48.97182],[2.35899,48.97287],[2.35953,48.97269],[2.36009,48.97248],[2.36049,48.97269],[2.36081,48.97299],[2.36112,48.97335],[2.36129,48.9735],[2.36156,48.97389],[2.36172,48.97397],[2.36227,48.9738],[2.36267,48.97372],[2.36265,48.97366],[2.36529,48.97309],[2.36552,48.97354],[2.36556,48.97369],[2.36574,48.97403],[2.36597,48.97401],[2.36888,48.97303],[2.36943,48.97292],[2.3717,48.97253],[2.37254,48.97237],[2.37573,48.97207],[2.37872,48.97169],[2.38228,48.97124],[2.38244,48.97123],[2.38416,48.97113],[2.38459,48.97016],[2.3861,48.96886],[2.38621,48.96875],[2.38786,48.96735],[2.38803,48.96725],[2.39024,48.96556],[2.39099,48.96503],[2.39113,48.9651],[2.39178,48.96474],[2.39224,48.96455],[2.39249,48.96437],[2.39285,48.96403],[2.3933,48.96365],[2.39333,48.96359],[2.39397,48.9631],[2.39456,48.96271],[2.39432,48.96254],[2.39541,48.96183],[2.39612,48.96142],[2.39654,48.96109],[2.39667,48.96112],[2.39736,48.96067],[2.39749,48.96056],[2.3989,48.95961],[2.40254,48.95796],[2.40329,48.95809],[2.40482,48.95743],[2.40736,48.95609],[2.40792,48.9568],[2.40834,48.95729],[2.40958,48.95693],[2.40984,48.95704],[2.40967,48.95787],[2.41091,48.95797],[2.41249,48.95772],[2.41369,48.95774],[2.41366,48.958],[2.41494,48.95826],[2.41536,48.95849],[2.41579,48.95875],[2.4161,48.95888],[2.417,48.95933],[2.41744,48.95952],[2.4178,48.95942],[2.4183,48.95825],[2.41841,48.95793],[2.41839,48.95759],[2.41881,48.95771],[2.4216,48.95853],[2.4227,48.9589],[2.42444,48.95905],[2.42499,48.95914],[2.42532,48.95911],[2.42566,48.95934],[2.42584,48.9594],[2.42653,48.95938],[2.42702,48.95941],[2.42736,48.95933],[2.42804,48.95924],[2.42823,48.95925],[2.4285,48.95903],[2.42884,48.959],[2.42902,48.95891],[2.42931,48.95866],[2.42988,48.95856],[2.43002,48.95833],[2.43041,48.95825],[2.4307,48.95814],[2.43137,48.95794],[2.43179,48.95774],[2.43263,48.95756],[2.43265,48.9574],[2.43283,48.95742],[2.43285,48.9572],[2.43303,48.95716],[2.43318,48.95678],[2.43339,48.95676],[2.43376,48.95659],[2.43394,48.95642],[2.4341,48.95594],[2.43435,48.9559],[2.43502,48.95566],[2.43531,48.95563],[2.43538,48.95546],[2.43564,48.95543],[2.43564,48.95519],[2.43577,48.95508],[2.43593,48.95512],[2.43616,48.95539],[2.43648,48.95544],[2.43709,48.95575],[2.43807,48.95578],[2.43913,48.95586],[2.43982,48.95603],[2.44081,48.95625],[2.44116,48.9564],[2.44165,48.95642],[2.44185,48.95656],[2.44227,48.95652],[2.44277,48.95655],[2.44333,48.9565],[2.44349,48.95661],[2.44384,48.95653],[2.44393,48.9567],[2.44403,48.95672],[2.44446,48.95664],[2.44457,48.95672],[2.44479,48.95657],[2.44502,48.95673],[2.44518,48.95674],[2.44749,48.95578],[2.44801,48.95594],[2.44857,48.95547],[2.44891,48.95525],[2.44923,48.95511],[2.45004,48.95497],[2.45031,48.95494],[2.45105,48.95505],[2.45147,48.95515],[2.45263,48.95529],[2.4529,48.95534],[2.45319,48.95548],[2.45384,48.95562],[2.45418,48.95566],[2.45588,48.95567],[2.45675,48.95573],[2.45766,48.95553],[2.45901,48.95513],[2.45949,48.95505],[2.45959,48.95527],[2.46014,48.95615],[2.4603,48.95656],[2.4602,48.9568],[2.46018,48.95699],[2.46034,48.95731],[2.46057,48.95818],[2.46072,48.9584],[2.46083,48.95847],[2.46114,48.95854],[2.4622,48.95923],[2.4626,48.95954],[2.46295,48.95975],[2.4634,48.96031],[2.46426,48.96124],[2.46735,48.96431],[2.4695,48.96302],[2.47059,48.96394],[2.4731,48.96587],[2.47503,48.96767],[2.4778,48.9667],[2.47853,48.96761],[2.47883,48.9675],[2.47928,48.96811],[2.48077,48.96981],[2.48151,48.96958],[2.48383,48.96832],[2.48677,48.96726],[2.49026,48.97007],[2.48832,48.9713],[2.4907,48.97318],[2.49091,48.97335],[2.49249,48.97459],[2.49618,48.9726],[2.4973,48.97338],[2.49796,48.97386],[2.49579,48.97506],[2.49724,48.97506],[2.49761,48.97509],[2.49835,48.97521],[2.50049,48.97544],[2.50024,48.97561],[2.50101,48.97603],[2.50211,48.97657],[2.50076,48.97747],[2.50037,48.97771],[2.50188,48.97854],[2.50376,48.97947],[2.50486,48.97879],[2.50672,48.97988],[2.50634,48.98031],[2.50882,48.98059],[2.50923,48.97982],[2.51074,48.98038],[2.51053,48.98062],[2.51472,48.98223],[2.51449,48.98265],[2.51426,48.98294],[2.51226,48.98605],[2.51622,48.9861],[2.51656,48.98613],[2.51701,48.98611],[2.51692,48.98761],[2.5192,48.98784],[2.51892,48.99095],[2.52015,48.9911],[2.52045,48.99228],[2.52278,48.99214],[2.52323,48.99426],[2.52441,48.99625],[2.52787,49.00045],[2.52915,49.00043],[2.52964,49.002],[2.53044,49.00191],[2.53048,49.00198],[2.5302,49.0023],[2.53107,49.00311],[2.53219,49.00524],[2.53443,49.00625],[2.53548,49.00659],[2.53573,49.00525],[2.53837,49.00532],[2.53839,49.00622],[2.5412,49.00629],[2.54115,49.00566],[2.54404,49.00564],[2.54408,49.00475],[2.54551,49.00483],[2.54695,49.00492],[2.54694,49.00502],[2.54782,49.00505],[2.54808,49.00309],[2.54926,49.00316],[2.54882,49.0067],[2.55308,49.00678],[2.55346,49.01014],[2.5535,49.01013],[2.55535,49.01069],[2.55539,49.01098],[2.55792,49.0119],[2.55922,49.01208],[2.56486,49.01225],[2.56558,49.01233],[2.56589,49.01102],[2.56914,49.01128],[2.57027,49.00926],[2.57059,49.00906],[2.56952,49.00876],[2.57073,49.00771],[2.5691,49.00719],[2.56675,49.00696],[2.56663,49.00743],[2.5645,49.00732],[2.5647,49.00563],[2.56695,49.00575],[2.56698,49.00558],[2.57007,49.00589],[2.57065,49.00509],[2.56884,49.00482],[2.56907,49.00377],[2.57129,49.00424],[2.57257,49.0025],[2.57349,49.00101],[2.57139,49.00076],[2.57152,48.99987],[2.57596,49.00028],[2.57744,48.99717],[2.5773,48.99713],[2.57825,48.99495],[2.5784,48.99501],[2.57854,48.99472],[2.57863,48.99476],[2.57945,48.99374],[2.57907,48.9936],[2.58057,48.99151],[2.58128,48.99053],[2.57929,48.99019],[2.58094,48.98739],[2.58144,48.98597],[2.57944,48.98553],[2.57969,48.98462],[2.57665,48.98413],[2.57907,48.97934],[2.57866,48.97918],[2.57753,48.9792],[2.57664,48.97922],[2.57545,48.97927],[2.57439,48.97935],[2.57382,48.97941],[2.57333,48.9795],[2.57296,48.97952],[2.57221,48.97967],[2.56881,48.98048],[2.56846,48.98051],[2.5662,48.98041],[2.56566,48.98044],[2.56496,48.98051],[2.56396,48.98069],[2.56375,48.98063],[2.56317,48.98009],[2.56286,48.97976],[2.56234,48.97923],[2.56221,48.97914],[2.56311,48.97825],[2.56343,48.97794],[2.56424,48.97725],[2.56472,48.97681],[2.56534,48.97627],[2.56646,48.97522],[2.56721,48.97442],[2.56777,48.97364],[2.56889,48.972],[2.56956,48.97111],[2.57047,48.97026],[2.5711,48.96954],[2.57117,48.9695],[2.57252,48.96804],[2.57262,48.96791],[2.57345,48.96708],[2.57378,48.96682],[2.5744,48.9663],[2.57504,48.96565],[2.57558,48.96514],[2.57652,48.96465],[2.57774,48.96385],[2.57815,48.96353],[2.57835,48.96328],[2.57879,48.96227],[2.57894,48.96202],[2.57952,48.96147],[2.57989,48.96105],[2.58152,48.95887],[2.58209,48.95838],[2.58204,48.95834],[2.58228,48.9581],[2.58274,48.95778],[2.58318,48.95743],[2.58362,48.95702],[2.58373,48.95697],[2.58553,48.95704],[2.58564,48.95703],[2.58603,48.95686],[2.58632,48.95665],[2.5871,48.9559],[2.58728,48.95579],[2.58782,48.95562],[2.58859,48.95462],[2.58924,48.95401],[2.58974,48.95315],[2.58997,48.95273],[2.59046,48.95199],[2.59094,48.95136],[2.59112,48.95108],[2.59127,48.95071],[2.59134,48.95029],[2.59142,48.95031],[2.59142,48.95008],[2.59197,48.94914],[2.59227,48.94873],[2.59243,48.94839],[2.59272,48.94809],[2.59343,48.94751],[2.59352,48.9474],[2.59375,48.94694],[2.59386,48.94628],[2.59364,48.9456],[2.59364,48.94532],[2.5937,48.94507],[2.59402,48.94414],[2.59476,48.94233],[2.59523,48.9409],[2.59593,48.93861],[2.59772,48.93882],[2.59772,48.93806],[2.60091,48.93839],[2.60164,48.93847],[2.60153,48.9378],[2.60331,48.93774],[2.60308,48.93734],[2.60281,48.93632],[2.60272,48.93609],[2.60226,48.9353],[2.60214,48.93495],[2.60216,48.93435],[2.60221,48.93392],[2.60236,48.93338],[2.60241,48.93267],[2.60247,48.93244],[2.60277,48.9318],[2.60292,48.93128],[2.6029,48.93101],[2.60282,48.93086],[2.60246,48.93051],[2.60238,48.9303],[2.60256,48.9299],[2.60272,48.92938],[2.60252,48.92936],[2.60188,48.92919],[2.60154,48.92907],[2.60091,48.92879],[2.60027,48.92842],[2.59954,48.92813],[2.59865,48.92792],[2.59799,48.9278],[2.59771,48.92779],[2.59776,48.92737],[2.59774,48.92722],[2.59761,48.92688],[2.5974,48.92664],[2.59697,48.9263],[2.59631,48.92587],[2.59616,48.9259],[2.59451,48.92571],[2.59415,48.92565],[2.5926,48.92504],[2.59211,48.92474],[2.59221,48.92465],[2.59166,48.9242],[2.59157,48.92408],[2.59122,48.92384],[2.59072,48.92343],[2.59057,48.92327],[2.59007,48.92289],[2.58992,48.92274],[2.58971,48.92283],[2.58934,48.92225],[2.58875,48.92078],[2.58861,48.92014],[2.58882,48.91981],[2.58893,48.91949],[2.58904,48.91887],[2.58904,48.9186],[2.58892,48.9176],[2.58893,48.9172],[2.58907,48.91712],[2.58963,48.91712],[2.58973,48.91704],[2.58977,48.91606],[2.58993,48.91578],[2.59039,48.91581],[2.59037,48.91452],[2.59034,48.91437],[2.59032,48.91333],[2.58973,48.91344],[2.58921,48.91203],[2.59073,48.91186],[2.58938,48.91015],[2.58883,48.90947],[2.58936,48.90923],[2.59186,48.90794],[2.59232,48.90772],[2.59198,48.90712],[2.59158,48.90734],[2.59142,48.90706],[2.59126,48.90684],[2.59083,48.90655],[2.58927,48.90644],[2.58906,48.90551],[2.58752,48.90548],[2.58636,48.90513],[2.58564,48.90473],[2.58485,48.90396],[2.58413,48.90338],[2.58453,48.90299],[2.5844,48.90276],[2.58489,48.90239],[2.58468,48.90218],[2.58532,48.90176],[2.58536,48.90158],[2.58558,48.90141],[2.58637,48.90076],[2.58772,48.89957],[2.58863,48.89901],[2.58907,48.89872],[2.58915,48.89863],[2.5887,48.89851],[2.58784,48.8983],[2.58699,48.89804],[2.58757,48.89734],[2.58784,48.89675],[2.58803,48.89605],[2.58748,48.89614],[2.58674,48.89622],[2.58679,48.89595],[2.58708,48.89531],[2.5871,48.89514],[2.58697,48.89452],[2.58698,48.89398],[2.58665,48.89389],[2.58568,48.89375],[2.58527,48.89376],[2.5851,48.89394],[2.58462,48.89432],[2.58421,48.89456],[2.58389,48.8948],[2.58267,48.89436],[2.582,48.89403],[2.58197,48.89405],[2.58086,48.89375],[2.57846,48.89345],[2.57826,48.8934],[2.57707,48.89281],[2.57662,48.89224],[2.5758,48.89257],[2.57573,48.8924],[2.57474,48.89276],[2.57448,48.89253],[2.57402,48.89274],[2.57345,48.89227],[2.57308,48.89209],[2.5727,48.8923],[2.57228,48.89249],[2.57108,48.89148],[2.57095,48.89144],[2.5711,48.89125],[2.57044,48.89079],[2.57058,48.89072],[2.57017,48.89035],[2.56926,48.89062],[2.56906,48.89076],[2.56877,48.89086],[2.56836,48.89096],[2.56768,48.89037],[2.56747,48.8905],[2.56757,48.89058],[2.56731,48.89074],[2.56683,48.89096],[2.56651,48.89069],[2.56635,48.89048],[2.56613,48.89032],[2.56579,48.89024],[2.56527,48.89002],[2.56487,48.89024],[2.5644,48.88983],[2.56486,48.88955],[2.56475,48.88948],[2.56459,48.88925],[2.56411,48.88908],[2.56318,48.88938],[2.56323,48.88945],[2.56277,48.88971],[2.56229,48.88909],[2.56214,48.88878],[2.56144,48.88882],[2.56157,48.8886],[2.56173,48.88805],[2.56164,48.88773],[2.5615,48.88751],[2.56035,48.88725],[2.55986,48.88692],[2.55964,48.88633],[2.55955,48.88616],[2.55939,48.88572],[2.55933,48.88544],[2.5592,48.88516],[2.55975,48.88504],[2.55972,48.88495],[2.56068,48.88458],[2.56037,48.88419],[2.56138,48.88391],[2.56127,48.88374],[2.56211,48.88345],[2.5622,48.8835],[2.56269,48.88322],[2.56248,48.88305],[2.56374,48.88214],[2.56376,48.8821],[2.56481,48.88138],[2.56576,48.88202],[2.56697,48.8814],[2.56706,48.88155],[2.56719,48.88149],[2.56807,48.8813],[2.56838,48.8814],[2.56855,48.88136],[2.56887,48.88114],[2.56924,48.88071],[2.5698,48.88057],[2.56995,48.8805],[2.57072,48.87998],[2.57141,48.87978],[2.57146,48.87939],[2.57141,48.87922],[2.57159,48.87884],[2.57194,48.87821],[2.57117,48.8781],[2.57105,48.878],[2.57074,48.87748],[2.57022,48.87673],[2.56998,48.87622],[2.56981,48.87577],[2.56933,48.87519],[2.56889,48.87495],[2.56836,48.87472],[2.56804,48.87445],[2.56802,48.8743],[2.56808,48.87406],[2.56827,48.87375],[2.56837,48.87334],[2.56828,48.87308],[2.56778,48.87268],[2.56776,48.87256],[2.56799,48.87236],[2.56874,48.87189],[2.56898,48.87167],[2.56928,48.8711],[2.56948,48.8705],[2.56972,48.87019],[2.57037,48.86972],[2.57064,48.86935],[2.57034,48.86898],[2.5695,48.86841],[2.56923,48.86812],[2.56859,48.8672],[2.56814,48.86662],[2.56761,48.86587],[2.56815,48.86595],[2.56876,48.86608],[2.56935,48.86624],[2.56988,48.86642],[2.57038,48.86664],[2.57088,48.86689],[2.57144,48.86725],[2.57241,48.86794],[2.57381,48.86704],[2.57416,48.86676],[2.57547,48.86595],[2.57555,48.86536],[2.57623,48.86522],[2.57718,48.8652],[2.57846,48.86524],[2.5817,48.86553],[2.58318,48.8656],[2.58393,48.86556],[2.58466,48.86551],[2.58543,48.86543],[2.5859,48.86528],[2.58635,48.86509],[2.58707,48.86504],[2.5875,48.86503],[2.58807,48.86432],[2.58754,48.86235],[2.58697,48.86023],[2.58589,48.85957],[2.58478,48.85904],[2.58324,48.85837],[2.58279,48.85851],[2.58144,48.85899],[2.58191,48.85794],[2.58302,48.85593],[2.58323,48.85542],[2.58188,48.8553],[2.58117,48.85537],[2.58056,48.85538],[2.58008,48.85535],[2.57928,48.85521],[2.57899,48.85515],[2.57806,48.85489],[2.57714,48.85457],[2.57417,48.85344],[2.57436,48.85317],[2.57612,48.85063],[2.57651,48.85004],[2.57673,48.84974],[2.57759,48.84826],[2.57812,48.84742],[2.57922,48.84562],[2.58014,48.84426],[2.58108,48.84283],[2.58156,48.84212],[2.58367,48.83897],[2.58458,48.83762],[2.58526,48.83659],[2.58618,48.83522],[2.58673,48.83438],[2.58696,48.834],[2.58729,48.83354],[2.58655,48.8326],[2.58601,48.8307],[2.58578,48.83023],[2.58576,48.82982],[2.58568,48.82938],[2.58573,48.82893],[2.5858,48.82867],[2.58637,48.8274],[2.58652,48.82721],[2.58681,48.82698],[2.58717,48.82619],[2.58721,48.82597],[2.58723,48.82559],[2.5874,48.82537],[2.58766,48.82539],[2.58793,48.82556],[2.5883,48.82592],[2.58899,48.82619],[2.58954,48.82633],[2.58986,48.82649],[2.59044,48.82696],[2.5912,48.82769],[2.59142,48.82775],[2.5918,48.82751],[2.59191,48.82732],[2.59209,48.82724],[2.59242,48.82696],[2.59252,48.8268],[2.59249,48.82633],[2.59256,48.8257],[2.59266,48.82545],[2.59246,48.82501],[2.59245,48.82453],[2.59239,48.82413],[2.59239,48.82385],[2.59247,48.82364],[2.59268,48.82344],[2.59354,48.82268],[2.59389,48.8223],[2.59407,48.82184],[2.5946,48.82109],[2.59466,48.82089],[2.59456,48.82031],[2.59455,48.81999],[2.5947,48.81943],[2.59475,48.81883],[2.59495,48.81831],[2.59495,48.81805],[2.59511,48.81775],[2.59515,48.81748],[2.59504,48.81695],[2.59519,48.8162],[2.59539,48.81568],[2.59555,48.81512],[2.59579,48.81446],[2.59579,48.81414],[2.59563,48.81385],[2.59565,48.81363],[2.59589,48.81299],[2.59598,48.8128],[2.59613,48.81218],[2.59633,48.8111],[2.59621,48.81065],[2.59604,48.81028],[2.59597,48.80995],[2.59587,48.80975],[2.59536,48.80932],[2.59431,48.80856],[2.59331,48.808],[2.59318,48.80787],[2.59286,48.80766],[2.59178,48.80725],[2.59164,48.80734],[2.59021,48.80875],[2.59009,48.80881],[2.58944,48.8089],[2.58716,48.80915],[2.58531,48.80957],[2.58286,48.81009],[2.58195,48.81032],[2.58145,48.81047],[2.5811,48.8106],[2.57815,48.81198],[2.5754,48.81269],[2.57416,48.81299],[2.57449,48.8137],[2.57173,48.81421],[2.57119,48.81441],[2.57002,48.81497],[2.56976,48.81522],[2.56966,48.81658],[2.56958,48.81687],[2.56944,48.81697],[2.56921,48.8173],[2.56893,48.81778],[2.56872,48.81796],[2.571,48.82262],[2.57214,48.82341],[2.57242,48.82359],[2.56917,48.82408],[2.56868,48.82444],[2.56738,48.82474],[2.56669,48.82495],[2.565,48.82546],[2.56145,48.82648],[2.56131,48.82654],[2.56055,48.82895],[2.55907,48.82962],[2.55813,48.83004],[2.55677,48.83164],[2.55654,48.83154],[2.55541,48.83106],[2.55517,48.83125],[2.55384,48.83233],[2.55338,48.83267],[2.55274,48.83237],[2.55068,48.83399],[2.55063,48.83395],[2.54916,48.83508],[2.54903,48.83497],[2.54745,48.83417],[2.54751,48.83487],[2.54748,48.83543],[2.54732,48.83611],[2.5468,48.83594],[2.54511,48.83544],[2.54457,48.83524],[2.54414,48.83501],[2.5426,48.83545],[2.54147,48.8358],[2.54017,48.83618],[2.53807,48.83688],[2.53781,48.83719],[2.53732,48.83769],[2.53667,48.83854],[2.53697,48.83862],[2.53791,48.83882],[2.53939,48.83894],[2.53997,48.83905],[2.54081,48.83936],[2.54022,48.83983],[2.53951,48.83981],[2.53915,48.83998],[2.53791,48.84083],[2.53756,48.84099],[2.53744,48.84116],[2.53759,48.84137],[2.53756,48.84146],[2.5373,48.84168],[2.53605,48.84256],[2.5356,48.84297],[2.53551,48.84367],[2.53528,48.84416],[2.53455,48.84533],[2.53443,48.8453],[2.53159,48.84443],[2.52876,48.84358],[2.52768,48.84514],[2.52705,48.84592],[2.52466,48.84914],[2.52449,48.84909],[2.52413,48.84909],[2.52358,48.849],[2.52356,48.8488],[2.52318,48.84869],[2.52303,48.84891],[2.52157,48.84856],[2.52109,48.84856],[2.52083,48.84836],[2.52024,48.8482],[2.51995,48.84831],[2.51903,48.84797],[2.51902,48.84802],[2.51714,48.84978],[2.51623,48.85065],[2.51559,48.85129],[2.51499,48.85101],[2.51424,48.85058],[2.51351,48.85006],[2.51311,48.85033],[2.51335,48.85067],[2.51338,48.85094],[2.51349,48.85114],[2.51346,48.85131],[2.51226,48.85227],[2.51197,48.85253],[2.51147,48.85243],[2.51113,48.85256],[2.50989,48.85294],[2.50868,48.85336],[2.50846,48.85351],[2.50809,48.85409],[2.50792,48.85424],[2.50729,48.85464],[2.50667,48.85534],[2.50645,48.85564],[2.50554,48.85716],[2.50548,48.85721],[2.50457,48.8573],[2.50323,48.8572],[2.50282,48.85695],[2.50012,48.85578],[2.5,48.85574],[2.49931,48.85655],[2.49733,48.85596],[2.49682,48.85569],[2.49594,48.85702],[2.49548,48.85783],[2.49489,48.85881],[2.49711,48.85919],[2.49611,48.86066],[2.49551,48.86052],[2.4944,48.86023],[2.49417,48.86056],[2.49294,48.86018],[2.49232,48.85996],[2.49158,48.85955],[2.49102,48.8608],[2.4887,48.86058],[2.48864,48.86081],[2.48774,48.86069],[2.48707,48.86066],[2.4867,48.86068],[2.48609,48.86076],[2.48206,48.86142],[2.48159,48.86149],[2.48099,48.86031],[2.48081,48.86006],[2.4804,48.86006],[2.47954,48.8601],[2.47899,48.86009],[2.4784,48.8601],[2.47819,48.86013],[2.47653,48.86047],[2.47622,48.86048],[2.47589,48.86042],[2.47535,48.86021],[2.47439,48.8602],[2.47362,48.86019],[2.47321,48.8602],[2.47109,48.86053],[2.47096,48.86057],[2.46987,48.86074],[2.4692,48.86077],[2.46836,48.86067],[2.46773,48.8605],[2.46675,48.86008],[2.46693,48.85982],[2.4671,48.85948],[2.46715,48.85908],[2.4671,48.85893],[2.46709,48.85855],[2.46695,48.85844],[2.46704,48.85802],[2.46728,48.85707],[2.46741,48.85663],[2.46572,48.85653],[2.465,48.85645],[2.46144,48.85612],[2.4589,48.85602],[2.45781,48.85597],[2.45758,48.85593],[2.45672,48.85585],[2.45549,48.85569],[2.45446,48.8555],[2.4536,48.85533],[2.45269,48.85506],[2.45097,48.85437],[2.45036,48.85411],[2.44918,48.85362],[2.44882,48.85346],[2.4479,48.85275],[2.44754,48.85254],[2.4479,48.85237],[2.44714,48.85116],[2.44525,48.85165],[2.44449,48.85182],[2.44363,48.85187],[2.44292,48.85181],[2.44247,48.8519],[2.44329,48.85258],[2.44266,48.85287],[2.44206,48.85294],[2.44112,48.85302],[2.43975,48.85302],[2.43882,48.85303],[2.43859,48.85305],[2.43765,48.85322],[2.43734,48.85282],[2.4356,48.85328],[2.43523,48.85336],[2.43485,48.85243],[2.43464,48.85158],[2.43459,48.85128],[2.43458,48.85083],[2.43273,48.85113],[2.43235,48.85112],[2.43155,48.85093],[2.42958,48.85106],[2.4294,48.84968],[2.42931,48.84875],[2.42644,48.84891],[2.42215,48.84918],[2.42039,48.8493],[2.41955,48.84937],[2.419,48.84939],[2.41779,48.84935],[2.41754,48.84928],[2.41634,48.84923],[2.41633,48.84937],[2.41599,48.85136],[2.41548,48.85417],[2.41529,48.85518],[2.41512,48.85616],[2.41495,48.85727],[2.4147,48.8587],[2.41442,48.86024],[2.41437,48.86065],[2.41427,48.8621],[2.41414,48.86337],[2.41395,48.86471],[2.41401,48.86649],[2.41396,48.86751],[2.41396,48.86922],[2.41381,48.87074],[2.41372,48.87156],[2.41365,48.87244],[2.41343,48.87314],[2.41245,48.87644],[2.41082,48.87844],[2.41068,48.87859],[2.40936,48.88026],[2.40807,48.88051],[2.40561,48.88101],[2.40458,48.88127],[2.40151,48.88263],[2.40011,48.88382],[2.39925,48.88536],[2.39914,48.88853],[2.39894,48.88953],[2.3989,48.88968],[2.39824,48.89264],[2.398,48.89353],[2.39767,48.89461],[2.39761,48.89472],[2.39692,48.89586],[2.39561,48.89817],[2.39552,48.89827],[2.39238,48.90003],[2.39084,48.90091],[2.39065,48.90093],[2.38933,48.90116],[2.38819,48.90138],[2.38558,48.90193],[2.38453,48.90215],[2.38357,48.90213],[2.37202,48.90189],[2.3703,48.90185]]]},"properties":{"dep":"93","code":"93","nom":"93"}},{"type":"Feature","geometry":{"type":"Polygon","coordinates":[[[2.43501,48.72429],[2.42847,48.72334],[2.4278,48.72322],[2.42632,48.72292],[2.42438,48.7224],[2.42332,48.72208],[2.4222,48.72168],[2.42088,48.72118],[2.41993,48.72078],[2.41675,48.719],[2.41444,48.71773],[2.41322,48.71865],[2.41419,48.71934],[2.41485,48.71988],[2.41582,48.72089],[2.4156,48.7209],[2.41504,48.721],[2.41435,48.72125],[2.41408,48.7213],[2.41335,48.72155],[2.41341,48.72202],[2.41327,48.72202],[2.41298,48.72188],[2.41255,48.72198],[2.41233,48.72198],[2.41206,48.72149],[2.41145,48.72168],[2.4115,48.72176],[2.41071,48.72199],[2.41103,48.72245],[2.41116,48.7227],[2.4112,48.72309],[2.41119,48.72382],[2.41109,48.72469],[2.41089,48.72607],[2.40849,48.72595],[2.40848,48.72602],[2.40761,48.72606],[2.40628,48.72614],[2.40629,48.72619],[2.40455,48.72631],[2.40459,48.72653],[2.40185,48.72673],[2.40105,48.72474],[2.39892,48.72482],[2.39761,48.72094],[2.39175,48.72267],[2.38997,48.72075],[2.38893,48.72111],[2.38837,48.72051],[2.38668,48.72103],[2.38514,48.71899],[2.38403,48.71927],[2.38171,48.71979],[2.37745,48.72071],[2.37659,48.71945],[2.37497,48.71974],[2.37076,48.72003],[2.37071,48.72081],[2.3706,48.723],[2.37057,48.72345],[2.37033,48.72557],[2.37022,48.72792],[2.36993,48.73428],[2.36985,48.73588],[2.36976,48.73817],[2.36969,48.7391],[2.36959,48.74102],[2.36947,48.74283],[2.36936,48.74488],[2.36934,48.74613],[2.368,48.74611],[2.36366,48.7461],[2.36289,48.74611],[2.36285,48.74493],[2.36289,48.74405],[2.35915,48.74253],[2.35673,48.73813],[2.35389,48.73871],[2.353,48.73911],[2.34783,48.7415],[2.34757,48.74117],[2.34552,48.74166],[2.34477,48.74096],[2.34451,48.74069],[2.34348,48.74045],[2.34258,48.7403],[2.34199,48.74034],[2.33892,48.7416],[2.33885,48.7415],[2.3379,48.74171],[2.33706,48.74219],[2.33779,48.74314],[2.33703,48.74351],[2.33643,48.74384],[2.33631,48.74405],[2.33639,48.74429],[2.33626,48.74437],[2.336,48.74464],[2.33416,48.74629],[2.33377,48.74668],[2.33338,48.74695],[2.33232,48.74741],[2.33129,48.74778],[2.33074,48.74808],[2.33053,48.74825],[2.32994,48.7488],[2.32931,48.74945],[2.32861,48.75011],[2.32799,48.75054],[2.32732,48.75094],[2.32616,48.75145],[2.32534,48.75174],[2.32405,48.75209],[2.32364,48.75228],[2.32379,48.75203],[2.32421,48.75153],[2.32432,48.75132],[2.32451,48.75085],[2.32483,48.75053],[2.32387,48.74957],[2.32397,48.74945],[2.32373,48.74917],[2.32353,48.74899],[2.32325,48.74882],[2.32267,48.74812],[2.32072,48.74876],[2.32003,48.74902],[2.31931,48.74963],[2.31902,48.7497],[2.31859,48.74975],[2.31829,48.74987],[2.31806,48.75],[2.31767,48.75014],[2.31705,48.75017],[2.31704,48.75003],[2.3158,48.75058],[2.31415,48.75134],[2.31235,48.75135],[2.31166,48.75159],[2.31012,48.75219],[2.31125,48.75283],[2.31162,48.75302],[2.31089,48.75376],[2.31146,48.75433],[2.30869,48.75541],[2.30967,48.75638],[2.31271,48.75932],[2.31259,48.75937],[2.31338,48.76016],[2.3131,48.76159],[2.31334,48.76187],[2.31362,48.76229],[2.31437,48.76205],[2.31472,48.76345],[2.31479,48.76384],[2.31485,48.76401],[2.31528,48.76486],[2.31537,48.76544],[2.31509,48.76551],[2.3151,48.7657],[2.3153,48.76604],[2.31541,48.76606],[2.31567,48.7668],[2.31588,48.76677],[2.3165,48.76733],[2.31692,48.76782],[2.31722,48.76833],[2.31772,48.76852],[2.31854,48.76932],[2.31992,48.77073],[2.32019,48.77099],[2.32056,48.77144],[2.32073,48.77189],[2.32131,48.77285],[2.32172,48.77361],[2.3228,48.77524],[2.32304,48.77547],[2.32322,48.77574],[2.32374,48.77658],[2.32424,48.77636],[2.32503,48.77725],[2.32559,48.77707],[2.32572,48.77708],[2.32621,48.77802],[2.32662,48.77873],[2.32458,48.77907],[2.32504,48.7799],[2.32484,48.77993],[2.32559,48.78144],[2.32582,48.78191],[2.32564,48.78197],[2.32444,48.78224],[2.32484,48.78323],[2.32437,48.78332],[2.32491,48.78443],[2.32474,48.78448],[2.32512,48.78632],[2.32366,48.78666],[2.32208,48.78702],[2.32055,48.78745],[2.3187,48.788],[2.31884,48.78841],[2.31979,48.79085],[2.31991,48.79121],[2.32072,48.79325],[2.32153,48.79536],[2.32186,48.79628],[2.3233,48.79992],[2.32367,48.8009],[2.32394,48.80155],[2.32451,48.80298],[2.32543,48.80535],[2.32598,48.80673],[2.32618,48.80753],[2.32636,48.8083],[2.32525,48.80842],[2.325,48.80815],[2.32476,48.80761],[2.32479,48.80702],[2.32454,48.80699],[2.32434,48.80669],[2.32444,48.80582],[2.32428,48.80586],[2.324,48.80536],[2.32174,48.80595],[2.32103,48.80569],[2.32041,48.80613],[2.3193,48.80606],[2.31834,48.80602],[2.31786,48.80841],[2.31866,48.80943],[2.31908,48.81001],[2.31939,48.80998],[2.32189,48.80974],[2.32356,48.80968],[2.32524,48.80961],[2.32556,48.80958],[2.32653,48.81069],[2.32824,48.81278],[2.32851,48.81309],[2.32906,48.81378],[2.3319,48.81701],[2.33371,48.81677],[2.33558,48.81666],[2.33801,48.81652],[2.33954,48.81644],[2.34051,48.81637],[2.34168,48.81633],[2.34219,48.81625],[2.34316,48.81605],[2.3439,48.81577],[2.34445,48.81556],[2.34436,48.81602],[2.34476,48.81607],[2.34519,48.81609],[2.34554,48.81608],[2.34637,48.81599],[2.34692,48.81602],[2.34718,48.8161],[2.34876,48.81686],[2.34903,48.81696],[2.35125,48.81796],[2.35239,48.81855],[2.35305,48.81803],[2.35473,48.81681],[2.35585,48.81592],[2.35623,48.81594],[2.3569,48.81597],[2.36016,48.81606],[2.36333,48.81615],[2.3642,48.8164],[2.36503,48.81667],[2.36564,48.81685],[2.3671,48.8173],[2.36948,48.81808],[2.3715,48.8187],[2.37261,48.81907],[2.37459,48.81968],[2.37608,48.82016],[2.37653,48.82032],[2.37788,48.82078],[2.37948,48.82127],[2.38077,48.8217],[2.38152,48.82241],[2.38523,48.82373],[2.38694,48.82446],[2.38789,48.82481],[2.3888,48.82511],[2.38944,48.82535],[2.39007,48.82569],[2.39102,48.82612],[2.39276,48.82686],[2.39399,48.8274],[2.39434,48.82754],[2.39518,48.82765],[2.39571,48.82773],[2.39684,48.82805],[2.39789,48.82833],[2.3992,48.82863],[2.39978,48.82879],[2.40068,48.8291],[2.40224,48.82959],[2.40287,48.82942],[2.40355,48.82918],[2.40381,48.82906],[2.40499,48.8284],[2.40582,48.8278],[2.40655,48.82719],[2.40759,48.82643],[2.40808,48.82611],[2.40868,48.82577],[2.40917,48.8255],[2.40996,48.82518],[2.41027,48.82509],[2.41091,48.82494],[2.41176,48.8248],[2.41262,48.82474],[2.41311,48.82472],[2.41378,48.82472],[2.41508,48.82478],[2.41598,48.82478],[2.41651,48.82474],[2.41713,48.82465],[2.41776,48.82453],[2.4186,48.82431],[2.41939,48.82416],[2.41996,48.82408],[2.42068,48.82405],[2.42183,48.82406],[2.42345,48.82416],[2.42465,48.82419],[2.42548,48.82418],[2.42658,48.8241],[2.42742,48.82399],[2.42796,48.8239],[2.42877,48.82373],[2.42923,48.82362],[2.42986,48.82343],[2.43063,48.82316],[2.43037,48.82288],[2.4322,48.82162],[2.43263,48.8219],[2.43289,48.82169],[2.43248,48.82143],[2.43309,48.82099],[2.43411,48.8203],[2.43429,48.82016],[2.43414,48.81922],[2.43465,48.81956],[2.4349,48.81967],[2.43603,48.81959],[2.43633,48.81954],[2.43693,48.81937],[2.43735,48.81919],[2.43744,48.81911],[2.43733,48.81818],[2.4394,48.81828],[2.43985,48.81829],[2.44014,48.81826],[2.44186,48.81794],[2.44233,48.8179],[2.44373,48.81789],[2.44418,48.81788],[2.44596,48.81793],[2.44662,48.81793],[2.44779,48.81797],[2.44894,48.81793],[2.44967,48.81789],[2.45056,48.81777],[2.45132,48.81762],[2.45253,48.81732],[2.45345,48.81715],[2.4551,48.81708],[2.45592,48.81708],[2.45805,48.81702],[2.45872,48.81703],[2.45912,48.817],[2.45941,48.81685],[2.45912,48.81737],[2.46053,48.81803],[2.46121,48.81836],[2.4627,48.81906],[2.46253,48.81925],[2.4627,48.81937],[2.46287,48.82018],[2.4634,48.82115],[2.46373,48.82168],[2.46403,48.8223],[2.46504,48.82408],[2.4653,48.82471],[2.46519,48.82496],[2.46532,48.82498],[2.4655,48.82559],[2.46573,48.82623],[2.46618,48.82733],[2.46543,48.82757],[2.46523,48.82767],[2.46509,48.82754],[2.46466,48.82762],[2.46461,48.82854],[2.4647,48.82928],[2.46481,48.82968],[2.46508,48.83057],[2.46543,48.83132],[2.46558,48.83147],[2.46557,48.83156],[2.46582,48.83187],[2.46627,48.8323],[2.46657,48.83252],[2.46694,48.83275],[2.46733,48.83295],[2.46788,48.8332],[2.46848,48.83351],[2.46889,48.8338],[2.4692,48.83412],[2.46948,48.83455],[2.46972,48.8352],[2.46983,48.8358],[2.46985,48.8364],[2.4698,48.83655],[2.46947,48.83705],[2.46924,48.83729],[2.46855,48.8379],[2.46808,48.8383],[2.46779,48.83858],[2.46732,48.8391],[2.46693,48.8396],[2.46616,48.84042],[2.46541,48.84107],[2.4649,48.84141],[2.46418,48.84181],[2.46374,48.84202],[2.46285,48.84239],[2.46245,48.84253],[2.46179,48.84273],[2.46101,48.84294],[2.45987,48.84318],[2.45862,48.84343],[2.45678,48.84371],[2.45517,48.84392],[2.4535,48.8441],[2.45187,48.84433],[2.45081,48.8445],[2.44953,48.84468],[2.44785,48.84486],[2.4465,48.84497],[2.44665,48.8458],[2.44492,48.84587],[2.44183,48.84592],[2.44076,48.84596],[2.44068,48.84525],[2.44086,48.84525],[2.4408,48.84488],[2.44062,48.84489],[2.44052,48.84444],[2.43949,48.84452],[2.43796,48.84466],[2.43728,48.84133],[2.43718,48.84089],[2.43578,48.84102],[2.43367,48.8412],[2.43355,48.84105],[2.43292,48.84111],[2.43225,48.84116],[2.43064,48.8413],[2.42813,48.84153],[2.42758,48.84157],[2.42582,48.84172],[2.42492,48.84181],[2.42435,48.84195],[2.42395,48.8422],[2.42349,48.84266],[2.42328,48.84291],[2.42297,48.84342],[2.42265,48.84384],[2.42223,48.84423],[2.42185,48.84444],[2.42012,48.8436],[2.41986,48.84346],[2.41985,48.8431],[2.41974,48.84294],[2.41947,48.84269],[2.41936,48.8425],[2.41939,48.842],[2.41954,48.84145],[2.41978,48.84108],[2.42013,48.84075],[2.42048,48.84031],[2.42093,48.83933],[2.42125,48.83816],[2.42145,48.83722],[2.42159,48.83676],[2.4218,48.83635],[2.42214,48.8358],[2.42102,48.8354],[2.41935,48.83483],[2.41734,48.83419],[2.41661,48.834],[2.41597,48.83386],[2.41547,48.83379],[2.41463,48.83373],[2.41392,48.83371],[2.4135,48.83372],[2.41259,48.83378],[2.41147,48.83393],[2.41225,48.83454],[2.41285,48.83622],[2.41358,48.83828],[2.41405,48.83976],[2.41425,48.84049],[2.41485,48.84238],[2.4153,48.84385],[2.41566,48.845],[2.41577,48.84545],[2.41597,48.84662],[2.41635,48.8487],[2.41634,48.84923],[2.41754,48.84928],[2.41779,48.84935],[2.419,48.84939],[2.41955,48.84937],[2.42039,48.8493],[2.42215,48.84918],[2.42644,48.84891],[2.42931,48.84875],[2.4294,48.84968],[2.42958,48.85106],[2.43155,48.85093],[2.43235,48.85112],[2.43273,48.85113],[2.43458,48.85083],[2.43459,48.85128],[2.43464,48.85158],[2.43485,48.85243],[2.43523,48.85336],[2.4356,48.85328],[2.43734,48.85282],[2.43765,48.85322],[2.43859,48.85305],[2.43882,48.85303],[2.43975,48.85302],[2.44112,48.85302],[2.44206,48.85294],[2.44266,48.85287],[2.44329,48.85258],[2.44247,48.8519],[2.44292,48.85181],[2.44363,48.85187],[2.44449,48.85182],[2.44525,48.85165],[2.44714,48.85116],[2.4479,48.85237],[2.44754,48.85254],[2.4479,48.85275],[2.44882,48.85346],[2.44918,48.85362],[2.45036,48.85411],[2.45097,48.85437],[2.45269,48.85506],[2.4536,48.85533],[2.45446,48.8555],[2.45549,48.85569],[2.45672,48.85585],[2.45758,48.85593],[2.45781,48.85597],[2.4589,48.85602],[2.46144,48.85612],[2.465,48.85645],[2.46572,48.85653],[2.46741,48.85663],[2.46728,48.85707],[2.46704,48.85802],[2.46695,48.85844],[2.46709,48.85855],[2.4671,48.85893],[2.46715,48.85908],[2.4671,48.85948],[2.46693,48.85982],[2.46675,48.86008],[2.46773,48.8605],[2.46836,48.86067],[2.4692,48.86077],[2.46987,48.86074],[2.47096,48.86057],[2.47109,48.86053],[2.47321,48.8602],[2.47362,48.86019],[2.47439,48.8602],[2.47535,48.86021],[2.47589,48.86042],[2.47622,48.86048],[2.47653,48.86047],[2.47819,48.86013],[2.4784,48.8601],[2.47899,48.86009],[2.47954,48.8601],[2.4804,48.86006],[2.48081,48.86006],[2.48099,48.86031],[2.48159,48.86149],[2.48206,48.86142],[2.48609,48.86076],[2.4867,48.86068],[2.48707,48.86066],[2.48774,48.86069],[2.48864,48.86081],[2.4887,48.86058],[2.49102,48.8608],[2.49158,48.85955],[2.49232,48.85996],[2.49294,48.86018],[2.49417,48.86056],[2.4944,48.86023],[2.49551,48.86052],[2.49611,48.86066],[2.49711,48.85919],[2.49489,48.85881],[2.49548,48.85783],[2.49594,48.85702],[2.49682,48.85569],[2.49733,48.85596],[2.49931,48.85655],[2.5,48.85574],[2.50012,48.85578],[2.50282,48.85695],[2.50323,48.8572],[2.50457,48.8573],[2.50548,48.85721],[2.50554,48.85716],[2.50645,48.85564],[2.50667,48.85534],[2.50729,48.85464],[2.50792,48.85424],[2.50809,48.85409],[2.50846,48.85351],[2.50868,48.85336],[2.50989,48.85294],[2.51113,48.85256],[2.51147,48.85243],[2.51197,48.85253],[2.51226,48.85227],[2.51346,48.85131],[2.51349,48.85114],[2.51338,48.85094],[2.51335,48.85067],[2.51311,48.85033],[2.51351,48.85006],[2.51424,48.85058],[2.51499,48.85101],[2.51559,48.85129],[2.51623,48.85065],[2.51714,48.84978],[2.51902,48.84802],[2.51903,48.84797],[2.51995,48.84831],[2.52024,48.8482],[2.52083,48.84836],[2.52109,48.84856],[2.52157,48.84856],[2.52303,48.84891],[2.52318,48.84869],[2.52356,48.8488],[2.52358,48.849],[2.52413,48.84909],[2.52449,48.84909],[2.52466,48.84914],[2.52705,48.84592],[2.52768,48.84514],[2.52876,48.84358],[2.53159,48.84443],[2.53443,48.8453],[2.53455,48.84533],[2.53528,48.84416],[2.53551,48.84367],[2.5356,48.84297],[2.53605,48.84256],[2.5373,48.84168],[2.53756,48.84146],[2.53759,48.84137],[2.53744,48.84116],[2.53756,48.84099],[2.53791,48.84083],[2.53915,48.83998],[2.53951,48.83981],[2.54022,48.83983],[2.54081,48.83936],[2.53997,48.83905],[2.53939,48.83894],[2.53791,48.83882],[2.53697,48.83862],[2.53667,48.83854],[2.53732,48.83769],[2.53781,48.83719],[2.53807,48.83688],[2.54017,48.83618],[2.54147,48.8358],[2.5426,48.83545],[2.54414,48.83501],[2.54457,48.83524],[2.54511,48.83544],[2.5468,48.83594],[2.54732,48.83611],[2.54748,48.83543],[2.54751,48.83487],[2.54745,48.83417],[2.54903,48.83497],[2.54916,48.83508],[2.55063,48.83395],[2.55068,48.83399],[2.55274,48.83237],[2.55338,48.83267],[2.55384,48.83233],[2.55517,48.83125],[2.55541,48.83106],[2.55654,48.83154],[2.55677,48.83164],[2.55813,48.83004],[2.55907,48.82962],[2.56055,48.82895],[2.56131,48.82654],[2.56145,48.82648],[2.565,48.82546],[2.56669,48.82495],[2.56738,48.82474],[2.56868,48.82444],[2.56917,48.82408],[2.57242,48.82359],[2.57214,48.82341],[2.571,48.82262],[2.56872,48.81796],[2.56893,48.81778],[2.56921,48.8173],[2.56944,48.81697],[2.56958,48.81687],[2.56966,48.81658],[2.56976,48.81522],[2.57002,48.81497],[2.57119,48.81441],[2.57173,48.81421],[2.57449,48.8137],[2.57416,48.81299],[2.5754,48.81269],[2.57815,48.81198],[2.5811,48.8106],[2.58145,48.81047],[2.58195,48.81032],[2.58286,48.81009],[2.58531,48.80957],[2.58716,48.80915],[2.58944,48.8089],[2.59009,48.80881],[2.59021,48.80875],[2.59164,48.80734],[2.59178,48.80725],[2.59192,48.80719],[2.59303,48.80687],[2.59345,48.80677],[2.59427,48.80666],[2.59483,48.80649],[2.59546,48.80625],[2.59622,48.80592],[2.59643,48.80587],[2.59646,48.80566],[2.59508,48.80335],[2.59423,48.80192],[2.59372,48.8011],[2.5932,48.80016],[2.59219,48.79953],[2.59189,48.79867],[2.59164,48.79787],[2.59145,48.79737],[2.59282,48.79736],[2.59291,48.7975],[2.59602,48.79689],[2.59781,48.79604],[2.59989,48.79499],[2.59957,48.79436],[2.59933,48.79361],[2.59898,48.79282],[2.59877,48.79256],[2.59775,48.79114],[2.5967,48.7904],[2.59583,48.78981],[2.59681,48.78903],[2.5967,48.78893],[2.59409,48.78821],[2.59436,48.78767],[2.59509,48.7849],[2.59209,48.78528],[2.59173,48.784],[2.59148,48.78354],[2.59119,48.78369],[2.59066,48.78374],[2.59035,48.78372],[2.59011,48.78366],[2.58991,48.78354],[2.58983,48.78339],[2.5896,48.78317],[2.58895,48.78314],[2.58853,48.78303],[2.5883,48.78302],[2.58871,48.78166],[2.58867,48.7816],[2.58869,48.78047],[2.5881,48.77849],[2.58631,48.77878],[2.58545,48.77887],[2.58544,48.77801],[2.58547,48.77707],[2.58566,48.77648],[2.58591,48.77608],[2.58607,48.77577],[2.58643,48.77425],[2.58665,48.77382],[2.58703,48.77334],[2.58743,48.77297],[2.58775,48.77274],[2.58889,48.7718],[2.58909,48.77158],[2.58946,48.77112],[2.58967,48.7713],[2.59019,48.77153],[2.59042,48.77159],[2.59106,48.77143],[2.59137,48.77126],[2.59217,48.77107],[2.59316,48.77135],[2.59352,48.77161],[2.59421,48.77177],[2.59478,48.77194],[2.59532,48.77221],[2.59554,48.77226],[2.59628,48.77222],[2.5968,48.77227],[2.59749,48.77243],[2.59805,48.77264],[2.59797,48.77324],[2.59865,48.77346],[2.59957,48.7737],[2.60085,48.77408],[2.60132,48.77415],[2.60205,48.77422],[2.60318,48.77444],[2.60354,48.77444],[2.60441,48.77433],[2.60463,48.77433],[2.60496,48.77455],[2.60543,48.77471],[2.60615,48.7748],[2.6067,48.77468],[2.60698,48.77459],[2.60717,48.77447],[2.60767,48.77344],[2.60791,48.77312],[2.60823,48.77277],[2.60864,48.77242],[2.61091,48.77086],[2.61145,48.77044],[2.61168,48.77022],[2.61194,48.76989],[2.61218,48.76945],[2.61224,48.76923],[2.61238,48.76844],[2.61248,48.76817],[2.6128,48.76755],[2.61288,48.76732],[2.61275,48.76698],[2.61286,48.76639],[2.61301,48.76601],[2.61326,48.76568],[2.61345,48.76557],[2.61379,48.76524],[2.61433,48.76475],[2.61481,48.76429],[2.6151,48.76394],[2.61551,48.76315],[2.61565,48.76278],[2.61568,48.76245],[2.61557,48.76206],[2.61543,48.76187],[2.61486,48.76125],[2.61483,48.76111],[2.61365,48.76103],[2.61133,48.7612],[2.6115,48.76076],[2.61159,48.76042],[2.60672,48.75941],[2.60499,48.7591],[2.60274,48.75897],[2.59747,48.76064],[2.59937,48.75542],[2.59975,48.75512],[2.60163,48.75409],[2.60179,48.75384],[2.60197,48.75365],[2.60219,48.75357],[2.60181,48.7531],[2.60182,48.75296],[2.6016,48.75284],[2.60083,48.75175],[2.60063,48.75162],[2.60023,48.75104],[2.59987,48.75074],[2.59883,48.7501],[2.59853,48.74989],[2.59808,48.7501],[2.59789,48.74979],[2.59757,48.74943],[2.59717,48.74879],[2.59612,48.74718],[2.59165,48.74756],[2.59129,48.74722],[2.59062,48.74682],[2.58998,48.74619],[2.59055,48.74543],[2.58777,48.74416],[2.5876,48.74422],[2.58649,48.74306],[2.58519,48.74177],[2.58739,48.74088],[2.58977,48.73996],[2.59032,48.73958],[2.59075,48.73922],[2.59146,48.73855],[2.59165,48.73852],[2.59143,48.73755],[2.5958,48.73648],[2.5945,48.7359],[2.59465,48.73574],[2.5939,48.73551],[2.59475,48.73193],[2.59334,48.73159],[2.59321,48.73204],[2.59013,48.73131],[2.59025,48.73123],[2.58935,48.72919],[2.58872,48.72903],[2.58827,48.72898],[2.58801,48.72919],[2.58685,48.72823],[2.58694,48.72809],[2.58449,48.72674],[2.58481,48.72679],[2.58297,48.72465],[2.58263,48.7241],[2.58233,48.72417],[2.58137,48.72273],[2.58147,48.7227],[2.58094,48.72191],[2.58041,48.72209],[2.57993,48.72229],[2.57965,48.72245],[2.57962,48.72256],[2.57936,48.72276],[2.57845,48.7208],[2.57743,48.72111],[2.57709,48.71969],[2.57735,48.71966],[2.57726,48.71891],[2.57734,48.71887],[2.57729,48.71851],[2.57724,48.71847],[2.57714,48.71806],[2.57676,48.71665],[2.57654,48.71671],[2.57588,48.71463],[2.57587,48.71441],[2.5754,48.71267],[2.5718,48.71355],[2.57109,48.71124],[2.56923,48.71111],[2.56924,48.71016],[2.56874,48.71024],[2.5687,48.70897],[2.56779,48.709],[2.56815,48.70818],[2.56867,48.70723],[2.56908,48.70659],[2.56992,48.70547],[2.56977,48.70526],[2.56985,48.70512],[2.57028,48.7046],[2.57081,48.70391],[2.57081,48.70386],[2.56994,48.7034],[2.57004,48.70329],[2.57136,48.70273],[2.57216,48.70231],[2.57255,48.70208],[2.57325,48.70161],[2.57365,48.70132],[2.57442,48.70071],[2.57581,48.69999],[2.57673,48.6996],[2.57857,48.69877],[2.5804,48.69795],[2.58136,48.69756],[2.58154,48.69742],[2.58069,48.69719],[2.58013,48.69707],[2.57885,48.69697],[2.57759,48.69669],[2.57645,48.69641],[2.57559,48.69622],[2.5747,48.69606],[2.57386,48.69586],[2.57272,48.6955],[2.57215,48.69535],[2.57133,48.69515],[2.57078,48.69504],[2.57163,48.69345],[2.57159,48.69325],[2.57161,48.69275],[2.57176,48.692],[2.56975,48.69158],[2.56974,48.69183],[2.56609,48.69175],[2.56591,48.691],[2.56491,48.69103],[2.56433,48.69102],[2.56286,48.6909],[2.56109,48.69072],[2.56124,48.68959],[2.56047,48.68945],[2.5571,48.68889],[2.55586,48.68864],[2.55493,48.68848],[2.55488,48.68839],[2.55504,48.68764],[2.55368,48.68763],[2.55392,48.68836],[2.55239,48.68844],[2.55139,48.68854],[2.55031,48.68855],[2.54977,48.68849],[2.54895,48.68901],[2.54986,48.68939],[2.5506,48.6898],[2.55096,48.69011],[2.55108,48.69043],[2.55069,48.69086],[2.55061,48.691],[2.54991,48.69161],[2.54942,48.69164],[2.54923,48.6918],[2.54912,48.69196],[2.54872,48.69234],[2.54845,48.69253],[2.54816,48.69262],[2.54751,48.69273],[2.54675,48.69293],[2.54625,48.69312],[2.54579,48.69318],[2.54537,48.69315],[2.54528,48.69358],[2.54577,48.69363],[2.54678,48.69382],[2.54663,48.69391],[2.5465,48.69452],[2.54656,48.69468],[2.54668,48.69535],[2.54628,48.69527],[2.54546,48.69515],[2.54473,48.69488],[2.54417,48.69457],[2.5439,48.69456],[2.54377,48.69464],[2.54353,48.69526],[2.54335,48.69559],[2.54292,48.6963],[2.54273,48.69654],[2.54241,48.69678],[2.5433,48.69752],[2.54368,48.69787],[2.544,48.69822],[2.54427,48.69856],[2.54417,48.69861],[2.54378,48.69883],[2.54221,48.69989],[2.54132,48.70036],[2.54064,48.69962],[2.54028,48.69928],[2.53995,48.69905],[2.5393,48.69869],[2.539,48.6985],[2.53833,48.69816],[2.53791,48.69791],[2.5374,48.69765],[2.53657,48.69729],[2.53639,48.69713],[2.53627,48.69719],[2.53621,48.69735],[2.53597,48.69881],[2.536,48.69907],[2.53609,48.69928],[2.53613,48.69954],[2.53611,48.69986],[2.5357,48.70108],[2.53455,48.70085],[2.53455,48.70072],[2.53348,48.70047],[2.53159,48.69992],[2.5317,48.69978],[2.53129,48.69963],[2.53085,48.70016],[2.53035,48.70101],[2.52979,48.70161],[2.52954,48.70197],[2.52922,48.70252],[2.52896,48.7031],[2.52864,48.70359],[2.52838,48.70389],[2.528,48.70413],[2.52684,48.70468],[2.52681,48.70506],[2.52688,48.7051],[2.52762,48.70507],[2.528,48.70498],[2.52831,48.70525],[2.52853,48.70523],[2.52914,48.70527],[2.52941,48.70545],[2.52951,48.70559],[2.52961,48.70617],[2.52904,48.70631],[2.5292,48.70711],[2.52931,48.70798],[2.52827,48.70795],[2.52735,48.70795],[2.52653,48.70801],[2.52647,48.70848],[2.52641,48.70961],[2.52498,48.70982],[2.52436,48.70993],[2.52256,48.7099],[2.52216,48.71079],[2.52199,48.71121],[2.52148,48.71233],[2.52048,48.71213],[2.51997,48.71208],[2.51913,48.71205],[2.51823,48.71216],[2.51805,48.71234],[2.5185,48.71248],[2.5191,48.71257],[2.51972,48.7126],[2.52089,48.71285],[2.52064,48.71303],[2.51986,48.71379],[2.51959,48.71409],[2.51931,48.71447],[2.51884,48.71484],[2.51799,48.71516],[2.5175,48.71554],[2.51728,48.71588],[2.5182,48.71603],[2.51804,48.71628],[2.5178,48.71675],[2.51752,48.71713],[2.51743,48.71757],[2.51736,48.71814],[2.5172,48.71879],[2.51695,48.72029],[2.5167,48.72213],[2.51601,48.72595],[2.51592,48.72691],[2.51576,48.7291],[2.51494,48.72987],[2.51385,48.73095],[2.51327,48.73151],[2.51222,48.73256],[2.51005,48.73479],[2.5096,48.73465],[2.50919,48.73363],[2.50905,48.73357],[2.5074,48.73299],[2.50766,48.73502],[2.50617,48.73588],[2.50414,48.73519],[2.50395,48.73537],[2.49454,48.73243],[2.4939,48.73222],[2.49311,48.732],[2.49167,48.73154],[2.49042,48.73115],[2.48843,48.73051],[2.48772,48.73027],[2.48529,48.72946],[2.48463,48.72925],[2.48376,48.729],[2.48283,48.72875],[2.48196,48.7285],[2.48126,48.72826],[2.48006,48.72801],[2.47662,48.72772],[2.4761,48.72774],[2.47532,48.72772],[2.4728,48.72764],[2.4728,48.72752],[2.47191,48.72756],[2.47156,48.72753],[2.4705,48.7271],[2.47001,48.72697],[2.46954,48.72686],[2.46834,48.72664],[2.46794,48.72662],[2.46764,48.72667],[2.46767,48.7282],[2.46676,48.7296],[2.46583,48.7295],[2.46575,48.72946],[2.46555,48.72901],[2.46498,48.72849],[2.46491,48.72834],[2.46488,48.72805],[2.4649,48.72715],[2.46333,48.72689],[2.46283,48.72626],[2.46158,48.72615],[2.46124,48.72611],[2.4603,48.72597],[2.4602,48.72521],[2.45992,48.72383],[2.45783,48.72397],[2.45644,48.72399],[2.45611,48.72405],[2.45417,48.72466],[2.45339,48.7235],[2.45246,48.72366],[2.4518,48.7231],[2.45273,48.72275],[2.45303,48.72265],[2.45424,48.72238],[2.45535,48.72222],[2.45623,48.72214],[2.45631,48.72208],[2.45659,48.72203],[2.45654,48.72173],[2.45623,48.72123],[2.45547,48.72143],[2.45457,48.72161],[2.45442,48.72125],[2.45429,48.72126],[2.4541,48.72085],[2.45438,48.7208],[2.45417,48.72046],[2.45295,48.72063],[2.45248,48.72073],[2.4521,48.72077],[2.4525,48.7213],[2.45153,48.72179],[2.45138,48.72165],[2.45123,48.72172],[2.45061,48.72129],[2.44931,48.72246],[2.44846,48.72321],[2.44808,48.72306],[2.44817,48.72284],[2.44819,48.72234],[2.44828,48.72216],[2.44846,48.72199],[2.44851,48.72181],[2.44845,48.72166],[2.44794,48.72076],[2.44783,48.72009],[2.44803,48.71971],[2.44813,48.7193],[2.44827,48.71903],[2.44843,48.71885],[2.44848,48.71865],[2.44848,48.7184],[2.44808,48.71779],[2.44827,48.71764],[2.44859,48.71749],[2.44937,48.71723],[2.44953,48.71709],[2.44947,48.71667],[2.44959,48.71657],[2.45017,48.71634],[2.45057,48.71599],[2.45065,48.71589],[2.45038,48.71567],[2.45025,48.71548],[2.4502,48.7153],[2.45028,48.71518],[2.45084,48.71496],[2.45115,48.71491],[2.45097,48.71436],[2.45051,48.71451],[2.44925,48.71472],[2.44881,48.71481],[2.44836,48.71509],[2.44749,48.71578],[2.44634,48.71682],[2.44515,48.71816],[2.44449,48.71902],[2.44414,48.71953],[2.44344,48.72074],[2.44295,48.72063],[2.44252,48.72125],[2.44243,48.7214],[2.4424,48.72168],[2.44279,48.72219],[2.44342,48.72284],[2.44357,48.72441],[2.44293,48.72421],[2.44193,48.72387],[2.4407,48.72419],[2.43972,48.72534],[2.43808,48.72492],[2.43601,48.72444],[2.43501,48.72429]]]},"properties":{"dep":"94","code":"94","nom":"94"}},{"type":"Feature","geometry":{"type":"Polygon","coordinates":[[[2.54699,48.40157],[2.54708,48.4017],[2.52773,48.41544],[2.51705,48.42775],[2.51326,48.42818],[2.50991,48.42931],[2.50443,48.42991],[2.50674,48.43079],[2.50634,48.43159],[2.50734,48.43518],[2.50549,48.43541],[2.50736,48.43808],[2.50312,48.43978],[2.50045,48.44027],[2.50709,48.44638],[2.50459,48.44778],[2.50367,48.44843],[2.50501,48.44982],[2.50722,48.45086],[2.50553,48.45254],[2.50293,48.45353],[2.50363,48.45419],[2.50061,48.45536],[2.50137,48.45615],[2.49789,48.45727],[2.49975,48.4592],[2.50601,48.46141],[2.50376,48.4645],[2.50148,48.46681],[2.50711,48.46969],[2.50625,48.47083],[2.50197,48.47194],[2.50515,48.47419],[2.50098,48.47797],[2.50445,48.47964],[2.50334,48.48124],[2.50321,48.48301],[2.50163,48.48465],[2.50554,48.48683],[2.51028,48.48838],[2.5097,48.49202],[2.51206,48.49545],[2.51341,48.49726],[2.5109,48.4989],[2.51355,48.50083],[2.51454,48.50286],[2.51513,48.50591],[2.51344,48.50946],[2.50951,48.50933],[2.50713,48.5137],[2.5083,48.51394],[2.50882,48.51666],[2.50663,48.51742],[2.50435,48.51637],[2.50197,48.51703],[2.4976,48.51728],[2.49782,48.51883],[2.497,48.52076],[2.49814,48.52092],[2.49952,48.52504],[2.49727,48.52531],[2.498,48.52755],[2.5009,48.52726],[2.50259,48.53161],[2.50384,48.5313],[2.50539,48.53275],[2.50241,48.53418],[2.50654,48.53632],[2.50746,48.53807],[2.50918,48.53967],[2.51098,48.54303],[2.50474,48.54323],[2.50241,48.54283],[2.4995,48.5429],[2.49961,48.54654],[2.50293,48.54601],[2.50369,48.54751],[2.50547,48.54903],[2.50603,48.55139],[2.51234,48.55679],[2.51586,48.56083],[2.51978,48.56258],[2.52083,48.56606],[2.51909,48.57006],[2.5239,48.57074],[2.52559,48.5713],[2.5305,48.57112],[2.5313,48.57364],[2.52216,48.5734],[2.52252,48.57566],[2.5219,48.57726],[2.52012,48.5783],[2.51903,48.58023],[2.51914,48.58199],[2.51812,48.58307],[2.51843,48.58457],[2.52423,48.58687],[2.52476,48.58588],[2.52745,48.58668],[2.53015,48.58806],[2.53423,48.58936],[2.53395,48.59052],[2.5356,48.5926],[2.53772,48.59365],[2.53886,48.59339],[2.54088,48.59468],[2.54151,48.597],[2.54393,48.60408],[2.54246,48.60876],[2.54064,48.61129],[2.52566,48.61318],[2.52668,48.61927],[2.52646,48.62128],[2.52498,48.62127],[2.5156,48.62925],[2.52133,48.63193],[2.52443,48.633],[2.52714,48.63342],[2.53295,48.63184],[2.53651,48.63122],[2.53756,48.63324],[2.54141,48.63234],[2.54225,48.63331],[2.54248,48.63565],[2.54171,48.6378],[2.5408,48.63777],[2.54085,48.64131],[2.54393,48.64565],[2.54192,48.64609],[2.54418,48.6477],[2.54794,48.64966],[2.54737,48.6515],[2.54121,48.65147],[2.53341,48.65725],[2.53815,48.65961],[2.53485,48.66205],[2.53988,48.66432],[2.54319,48.66838],[2.54551,48.66964],[2.5448,48.67107],[2.54755,48.6718],[2.54819,48.6701],[2.55004,48.669],[2.55176,48.67095],[2.55247,48.67405],[2.55562,48.67595],[2.55693,48.67596],[2.55914,48.67261],[2.56335,48.66789],[2.56506,48.66722],[2.56901,48.66673],[2.57185,48.66862],[2.57199,48.66998],[2.57045,48.67249],[2.57105,48.67495],[2.57455,48.67673],[2.57943,48.67782],[2.58306,48.67776],[2.5839,48.67729],[2.58524,48.67914],[2.57998,48.68638],[2.58122,48.68706],[2.58192,48.68958],[2.57784,48.69049],[2.57534,48.69189],[2.57176,48.692],[2.57161,48.69275],[2.57159,48.69325],[2.57163,48.69345],[2.57078,48.69504],[2.57133,48.69515],[2.57215,48.69535],[2.57272,48.6955],[2.57386,48.69586],[2.5747,48.69606],[2.57559,48.69622],[2.57645,48.69641],[2.57759,48.69669],[2.57885,48.69697],[2.58013,48.69707],[2.58069,48.69719],[2.58154,48.69742],[2.58136,48.69756],[2.5804,48.69795],[2.57857,48.69877],[2.57673,48.6996],[2.57581,48.69999],[2.57442,48.70071],[2.57365,48.70132],[2.57325,48.70161],[2.57255,48.70208],[2.57216,48.70231],[2.57136,48.70273],[2.57004,48.70329],[2.56994,48.7034],[2.57081,48.70386],[2.57081,48.70391],[2.57028,48.7046],[2.56985,48.70512],[2.56977,48.70526],[2.56992,48.70547],[2.56908,48.70659],[2.56867,48.70723],[2.56815,48.70818],[2.56779,48.709],[2.5687,48.70897],[2.56874,48.71024],[2.56924,48.71016],[2.56923,48.71111],[2.57109,48.71124],[2.5718,48.71355],[2.5754,48.71267],[2.57587,48.71441],[2.57588,48.71463],[2.57654,48.71671],[2.57676,48.71665],[2.57714,48.71806],[2.57724,48.71847],[2.57729,48.71851],[2.57734,48.71887],[2.57726,48.71891],[2.57735,48.71966],[2.57709,48.71969],[2.57743,48.72111],[2.57845,48.7208],[2.57936,48.72276],[2.57962,48.72256],[2.57965,48.72245],[2.57993,48.72229],[2.58041,48.72209],[2.58094,48.72191],[2.58147,48.7227],[2.58137,48.72273],[2.58233,48.72417],[2.58263,48.7241],[2.58297,48.72465],[2.58481,48.72679],[2.58449,48.72674],[2.58694,48.72809],[2.58685,48.72823],[2.58801,48.72919],[2.58827,48.72898],[2.58872,48.72903],[2.58935,48.72919],[2.59025,48.73123],[2.59013,48.73131],[2.59321,48.73204],[2.59334,48.73159],[2.59475,48.73193],[2.5939,48.73551],[2.59465,48.73574],[2.5945,48.7359],[2.5958,48.73648],[2.59143,48.73755],[2.59165,48.73852],[2.59146,48.73855],[2.59075,48.73922],[2.59032,48.73958],[2.58977,48.73996],[2.58739,48.74088],[2.58519,48.74177],[2.58649,48.74306],[2.5876,48.74422],[2.58777,48.74416],[2.59055,48.74543],[2.58998,48.74619],[2.59062,48.74682],[2.59129,48.74722],[2.59165,48.74756],[2.59612,48.74718],[2.59717,48.74879],[2.59757,48.74943],[2.59789,48.74979],[2.59808,48.7501],[2.59853,48.74989],[2.59883,48.7501],[2.59987,48.75074],[2.60023,48.75104],[2.60063,48.75162],[2.60083,48.75175],[2.6016,48.75284],[2.60182,48.75296],[2.60181,48.7531],[2.60219,48.75357],[2.60197,48.75365],[2.60179,48.75384],[2.60163,48.75409],[2.59975,48.75512],[2.59937,48.75542],[2.59747,48.76064],[2.60274,48.75897],[2.60499,48.7591],[2.60672,48.75941],[2.61159,48.76042],[2.6115,48.76076],[2.61133,48.7612],[2.61365,48.76103],[2.61483,48.76111],[2.61486,48.76125],[2.61543,48.76187],[2.61557,48.76206],[2.61568,48.76245],[2.61565,48.76278],[2.61551,48.76315],[2.6151,48.76394],[2.61481,48.76429],[2.61433,48.76475],[2.61379,48.76524],[2.61345,48.76557],[2.61326,48.76568],[2.61301,48.76601],[2.61286,48.76639],[2.61275,48.76698],[2.61288,48.76732],[2.6128,48.76755],[2.61248,48.76817],[2.61238,48.76844],[2.61224,48.76923],[2.61218,48.76945],[2.61194,48.76989],[2.61168,48.77022],[2.61145,48.77044],[2.61091,48.77086],[2.60864,48.77242],[2.60823,48.77277],[2.60791,48.77312],[2.60767,48.77344],[2.60717,48.77447],[2.60698,48.77459],[2.6067,48.77468],[2.60615,48.7748],[2.60543,48.77471],[2.60496,48.77455],[2.60463,48.77433],[2.60441,48.77433],[2.60354,48.77444],[2.60318,48.77444],[2.60205,48.77422],[2.60132,48.77415],[2.60085,48.77408],[2.59957,48.7737],[2.59865,48.77346],[2.59797,48.77324],[2.59805,48.77264],[2.59749,48.77243],[2.5968,48.77227],[2.59628,48.77222],[2.59554,48.77226],[2.59532,48.77221],[2.59478,48.77194],[2.59421,48.77177],[2.59352,48.77161],[2.59316,48.77135],[2.59217,48.77107],[2.59137,48.77126],[2.59106,48.77143],[2.59042,48.77159],[2.59019,48.77153],[2.58967,48.7713],[2.58946,48.77112],[2.58909,48.77158],[2.58889,48.7718],[2.58775,48.77274],[2.58743,48.77297],[2.58703,48.77334],[2.58665,48.77382],[2.58643,48.77425],[2.58607,48.77577],[2.58591,48.77608],[2.58566,48.77648],[2.58547,48.77707],[2.58544,48.77801],[2.58545,48.77887],[2.58631,48.77878],[2.5881,48.77849],[2.58869,48.78047],[2.58867,48.7816],[2.58871,48.78166],[2.5883,48.78302],[2.58853,48.78303],[2.58895,48.78314],[2.5896,48.78317],[2.58983,48.78339],[2.58991,48.78354],[2.59011,48.78366],[2.59035,48.78372],[2.59066,48.78374],[2.59119,48.78369],[2.59148,48.78354],[2.59173,48.784],[2.59209,48.78528],[2.59509,48.7849],[2.59436,48.78767],[2.59409,48.78821],[2.5967,48.78893],[2.59681,48.78903],[2.59583,48.78981],[2.5967,48.7904],[2.59775,48.79114],[2.59877,48.79256],[2.59898,48.79282],[2.59933,48.79361],[2.59957,48.79436],[2.59989,48.79499],[2.59781,48.79604],[2.59602,48.79689],[2.59291,48.7975],[2.59282,48.79736],[2.59145,48.79737],[2.59164,48.79787],[2.59189,48.79867],[2.59219,48.79953],[2.5932,48.80016],[2.59372,48.8011],[2.59423,48.80192],[2.59508,48.80335],[2.59646,48.80566],[2.59643,48.80587],[2.59622,48.80592],[2.59546,48.80625],[2.59483,48.80649],[2.59427,48.80666],[2.59345,48.80677],[2.59303,48.80687],[2.59192,48.80719],[2.59178,48.80725],[2.59286,48.80766],[2.59318,48.80787],[2.59331,48.808],[2.59431,48.80856],[2.59536,48.80932],[2.59587,48.80975],[2.59597,48.80995],[2.59604,48.81028],[2.59621,48.81065],[2.59633,48.8111],[2.59613,48.81218],[2.59598,48.8128],[2.59589,48.81299],[2.59565,48.81363],[2.59563,48.81385],[2.59579,48.81414],[2.59579,48.81446],[2.59555,48.81512],[2.59539,48.81568],[2.59519,48.8162],[2.59504,48.81695],[2.59515,48.81748],[2.59511,48.81775],[2.59495,48.81805],[2.59495,48.81831],[2.59475,48.81883],[2.5947,48.81943],[2.59455,48.81999],[2.59456,48.82031],[2.59466,48.82089],[2.5946,48.82109],[2.59407,48.82184],[2.59389,48.8223],[2.59354,48.82268],[2.59268,48.82344],[2.59247,48.82364],[2.59239,48.82385],[2.59239,48.82413],[2.59245,48.82453],[2.59246,48.82501],[2.59266,48.82545],[2.59256,48.8257],[2.59249,48.82633],[2.59252,48.8268],[2.59242,48.82696],[2.59209,48.82724],[2.59191,48.82732],[2.5918,48.82751],[2.59142,48.82775],[2.5912,48.82769],[2.59044,48.82696],[2.58986,48.82649],[2.58954,48.82633],[2.58899,48.82619],[2.5883,48.82592],[2.58793,48.82556],[2.58766,48.82539],[2.5874,48.82537],[2.58723,48.82559],[2.58721,48.82597],[2.58717,48.82619],[2.58681,48.82698],[2.58652,48.82721],[2.58637,48.8274],[2.5858,48.82867],[2.58573,48.82893],[2.58568,48.82938],[2.58576,48.82982],[2.58578,48.83023],[2.58601,48.8307],[2.58655,48.8326],[2.58729,48.83354],[2.58696,48.834],[2.58673,48.83438],[2.58618,48.83522],[2.58526,48.83659],[2.58458,48.83762],[2.58367,48.83897],[2.58156,48.84212],[2.58108,48.84283],[2.58014,48.84426],[2.57922,48.84562],[2.57812,48.84742],[2.57759,48.84826],[2.57673,48.84974],[2.57651,48.85004],[2.57612,48.85063],[2.57436,48.85317],[2.57417,48.85344],[2.57714,48.85457],[2.57806,48.85489],[2.57899,48.85515],[2.57928,48.85521],[2.58008,48.85535],[2.58056,48.85538],[2.58117,48.85537],[2.58188,48.8553],[2.58323,48.85542],[2.58302,48.85593],[2.58191,48.85794],[2.58144,48.85899],[2.58279,48.85851],[2.58324,48.85837],[2.58478,48.85904],[2.58589,48.85957],[2.58697,48.86023],[2.58754,48.86235],[2.58807,48.86432],[2.5875,48.86503],[2.58707,48.86504],[2.58635,48.86509],[2.5859,48.86528],[2.58543,48.86543],[2.58466,48.86551],[2.58393,48.86556],[2.58318,48.8656],[2.5817,48.86553],[2.57846,48.86524],[2.57718,48.8652],[2.57623,48.86522],[2.57555,48.86536],[2.57547,48.86595],[2.57416,48.86676],[2.57381,48.86704],[2.57241,48.86794],[2.57144,48.86725],[2.57088,48.86689],[2.57038,48.86664],[2.56988,48.86642],[2.56935,48.86624],[2.56876,48.86608],[2.56815,48.86595],[2.56761,48.86587],[2.56814,48.86662],[2.56859,48.8672],[2.56923,48.86812],[2.5695,48.86841],[2.57034,48.86898],[2.57064,48.86935],[2.57037,48.86972],[2.56972,48.87019],[2.56948,48.8705],[2.56928,48.8711],[2.56898,48.87167],[2.56874,48.87189],[2.56799,48.87236],[2.56776,48.87256],[2.56778,48.87268],[2.56828,48.87308],[2.56837,48.87334],[2.56827,48.87375],[2.56808,48.87406],[2.56802,48.8743],[2.56804,48.87445],[2.56836,48.87472],[2.56889,48.87495],[2.56933,48.87519],[2.56981,48.87577],[2.56998,48.87622],[2.57022,48.87673],[2.57074,48.87748],[2.57105,48.878],[2.57117,48.8781],[2.57194,48.87821],[2.57159,48.87884],[2.57141,48.87922],[2.57146,48.87939],[2.57141,48.87978],[2.57072,48.87998],[2.56995,48.8805],[2.5698,48.88057],[2.56924,48.88071],[2.56887,48.88114],[2.56855,48.88136],[2.56838,48.8814],[2.56807,48.8813],[2.56719,48.88149],[2.56706,48.88155],[2.56697,48.8814],[2.56576,48.88202],[2.56481,48.88138],[2.56376,48.8821],[2.56374,48.88214],[2.56248,48.88305],[2.56269,48.88322],[2.5622,48.8835],[2.56211,48.88345],[2.56127,48.88374],[2.56138,48.88391],[2.56037,48.88419],[2.56068,48.88458],[2.55972,48.88495],[2.55975,48.88504],[2.5592,48.88516],[2.55933,48.88544],[2.55939,48.88572],[2.55955,48.88616],[2.55964,48.88633],[2.55986,48.88692],[2.56035,48.88725],[2.5615,48.88751],[2.56164,48.88773],[2.56173,48.88805],[2.56157,48.8886],[2.56144,48.88882],[2.56214,48.88878],[2.56229,48.88909],[2.56277,48.88971],[2.56323,48.88945],[2.56318,48.88938],[2.56411,48.88908],[2.56459,48.88925],[2.56475,48.88948],[2.56486,48.88955],[2.5644,48.88983],[2.56487,48.89024],[2.56527,48.89002],[2.56579,48.89024],[2.56613,48.89032],[2.56635,48.89048],[2.56651,48.89069],[2.56683,48.89096],[2.56731,48.89074],[2.56757,48.89058],[2.56747,48.8905],[2.56768,48.89037],[2.56836,48.89096],[2.56877,48.89086],[2.56906,48.89076],[2.56926,48.89062],[2.57017,48.89035],[2.57058,48.89072],[2.57044,48.89079],[2.5711,48.89125],[2.57095,48.89144],[2.57108,48.89148],[2.57228,48.89249],[2.5727,48.8923],[2.57308,48.89209],[2.57345,48.89227],[2.57402,48.89274],[2.57448,48.89253],[2.57474,48.89276],[2.57573,48.8924],[2.5758,48.89257],[2.57662,48.89224],[2.57707,48.89281],[2.57826,48.8934],[2.57846,48.89345],[2.58086,48.89375],[2.58197,48.89405],[2.582,48.89403],[2.58267,48.89436],[2.58389,48.8948],[2.58421,48.89456],[2.58462,48.89432],[2.5851,48.89394],[2.58527,48.89376],[2.58568,48.89375],[2.58665,48.89389],[2.58698,48.89398],[2.58697,48.89452],[2.5871,48.89514],[2.58708,48.89531],[2.58679,48.89595],[2.58674,48.89622],[2.58748,48.89614],[2.58803,48.89605],[2.58784,48.89675],[2.58757,48.89734],[2.58699,48.89804],[2.58784,48.8983],[2.5887,48.89851],[2.58915,48.89863],[2.58907,48.89872],[2.58863,48.89901],[2.58772,48.89957],[2.58637,48.90076],[2.58558,48.90141],[2.58536,48.90158],[2.58532,48.90176],[2.58468,48.90218],[2.58489,48.90239],[2.5844,48.90276],[2.58453,48.90299],[2.58413,48.90338],[2.58485,48.90396],[2.58564,48.90473],[2.58636,48.90513],[2.58752,48.90548],[2.58906,48.90551],[2.58927,48.90644],[2.59083,48.90655],[2.59126,48.90684],[2.59142,48.90706],[2.59158,48.90734],[2.59198,48.90712],[2.59232,48.90772],[2.59186,48.90794],[2.58936,48.90923],[2.58883,48.90947],[2.58938,48.91015],[2.59073,48.91186],[2.58921,48.91203],[2.58973,48.91344],[2.59032,48.91333],[2.59034,48.91437],[2.59037,48.91452],[2.59039,48.91581],[2.58993,48.91578],[2.58977,48.91606],[2.58973,48.91704],[2.58963,48.91712],[2.58907,48.91712],[2.58893,48.9172],[2.58892,48.9176],[2.58904,48.9186],[2.58904,48.91887],[2.58893,48.91949],[2.58882,48.91981],[2.58861,48.92014],[2.58875,48.92078],[2.58934,48.92225],[2.58971,48.92283],[2.58992,48.92274],[2.59007,48.92289],[2.59057,48.92327],[2.59072,48.92343],[2.59122,48.92384],[2.59157,48.92408],[2.59166,48.9242],[2.59221,48.92465],[2.59211,48.92474],[2.5926,48.92504],[2.59415,48.92565],[2.59451,48.92571],[2.59616,48.9259],[2.59631,48.92587],[2.59697,48.9263],[2.5974,48.92664],[2.59761,48.92688],[2.59774,48.92722],[2.59776,48.92737],[2.59771,48.92779],[2.59799,48.9278],[2.59865,48.92792],[2.59954,48.92813],[2.60027,48.92842],[2.60091,48.92879],[2.60154,48.92907],[2.60188,48.92919],[2.60252,48.92936],[2.60272,48.92938],[2.60256,48.9299],[2.60238,48.9303],[2.60246,48.93051],[2.60282,48.93086],[2.6029,48.93101],[2.60292,48.93128],[2.60277,48.9318],[2.60247,48.93244],[2.60241,48.93267],[2.60236,48.93338],[2.60221,48.93392],[2.60216,48.93435],[2.60214,48.93495],[2.60226,48.9353],[2.60272,48.93609],[2.60281,48.93632],[2.60308,48.93734],[2.60331,48.93774],[2.60153,48.9378],[2.60164,48.93847],[2.60091,48.93839],[2.59772,48.93806],[2.59772,48.93882],[2.59593,48.93861],[2.59523,48.9409],[2.59476,48.94233],[2.59402,48.94414],[2.5937,48.94507],[2.59364,48.94532],[2.59364,48.9456],[2.59386,48.94628],[2.59375,48.94694],[2.59352,48.9474],[2.59343,48.94751],[2.59272,48.94809],[2.59243,48.94839],[2.59227,48.94873],[2.59197,48.94914],[2.59142,48.95008],[2.59142,48.95031],[2.59134,48.95029],[2.59127,48.95071],[2.59112,48.95108],[2.59094,48.95136],[2.59046,48.95199],[2.58997,48.95273],[2.58974,48.95315],[2.58924,48.95401],[2.58859,48.95462],[2.58782,48.95562],[2.58728,48.95579],[2.5871,48.9559],[2.58632,48.95665],[2.58603,48.95686],[2.58564,48.95703],[2.58553,48.95704],[2.58373,48.95697],[2.58362,48.95702],[2.58318,48.95743],[2.58274,48.95778],[2.58228,48.9581],[2.58204,48.95834],[2.58209,48.95838],[2.58152,48.95887],[2.57989,48.96105],[2.57952,48.96147],[2.57894,48.96202],[2.57879,48.96227],[2.57835,48.96328],[2.57815,48.96353],[2.57774,48.96385],[2.57652,48.96465],[2.57558,48.96514],[2.57504,48.96565],[2.5744,48.9663],[2.57378,48.96682],[2.57345,48.96708],[2.57262,48.96791],[2.57252,48.96804],[2.57117,48.9695],[2.5711,48.96954],[2.57047,48.97026],[2.56956,48.97111],[2.56889,48.972],[2.56777,48.97364],[2.56721,48.97442],[2.56646,48.97522],[2.56534,48.97627],[2.56472,48.97681],[2.56424,48.97725],[2.56343,48.97794],[2.56311,48.97825],[2.56221,48.97914],[2.56234,48.97923],[2.56286,48.97976],[2.56317,48.98009],[2.56375,48.98063],[2.56396,48.98069],[2.56496,48.98051],[2.56566,48.98044],[2.5662,48.98041],[2.56846,48.98051],[2.56881,48.98048],[2.57221,48.97967],[2.57296,48.97952],[2.57333,48.9795],[2.57382,48.97941],[2.57439,48.97935],[2.57545,48.97927],[2.57664,48.97922],[2.57753,48.9792],[2.57866,48.97918],[2.57907,48.97934],[2.57665,48.98413],[2.57969,48.98462],[2.57944,48.98553],[2.58144,48.98597],[2.58094,48.98739],[2.57929,48.99019],[2.58128,48.99053],[2.58057,48.99151],[2.57907,48.9936],[2.57945,48.99374],[2.57863,48.99476],[2.57854,48.99472],[2.5784,48.99501],[2.57825,48.99495],[2.5773,48.99713],[2.57744,48.99717],[2.57596,49.00028],[2.57152,48.99987],[2.57139,49.00076],[2.57349,49.00101],[2.57257,49.0025],[2.57129,49.00424],[2.56907,49.00377],[2.56884,49.00482],[2.57065,49.00509],[2.57007,49.00589],[2.56698,49.00558],[2.56695,49.00575],[2.5647,49.00563],[2.5645,49.00732],[2.56663,49.00743],[2.56675,49.00696],[2.5691,49.00719],[2.57073,49.00771],[2.56952,49.00876],[2.57059,49.00906],[2.57027,49.00926],[2.56914,49.01128],[2.56589,49.01102],[2.56558,49.01233],[2.56486,49.01225],[2.55922,49.01208],[2.55792,49.0119],[2.55539,49.01098],[2.55535,49.01069],[2.5535,49.01013],[2.55346,49.01014],[2.55337,49.01191],[2.55009,49.01198],[2.54908,49.01495],[2.54506,49.01469],[2.54485,49.01197],[2.54074,49.01141],[2.53881,49.01264],[2.53737,49.01846],[2.53428,49.01852],[2.53535,49.02068],[2.53466,49.02171],[2.53494,49.02384],[2.54119,49.02322],[2.5412,49.02238],[2.54526,49.02238],[2.54597,49.02297],[2.55263,49.02534],[2.55851,49.02581],[2.56238,49.0274],[2.56403,49.02845],[2.56601,49.02859],[2.56625,49.0321],[2.56873,49.03282],[2.56879,49.03524],[2.56969,49.03537],[2.56793,49.03909],[2.56933,49.03958],[2.5753,49.04477],[2.57714,49.04668],[2.58385,49.04708],[2.59454,49.04724],[2.595,49.04775],[2.58828,49.0498],[2.58451,49.05283],[2.58572,49.05537],[2.58672,49.05586],[2.58571,49.05805],[2.58077,49.05622],[2.57408,49.05431],[2.57095,49.06058],[2.5755,49.06498],[2.58044,49.06803],[2.58298,49.06984],[2.58486,49.07207],[2.5874,49.07623],[2.59013,49.07787],[2.5903,49.0799],[2.59605,49.08181],[2.5974,49.08155],[2.60005,49.08424],[2.60287,49.08567],[2.60722,49.08928],[2.61021,49.09289],[2.61005,49.09497],[2.61548,49.09392],[2.61938,49.09463],[2.62209,49.0948],[2.62499,49.099],[2.62421,49.10059],[2.63022,49.1025],[2.63178,49.10472],[2.63186,49.10659],[2.63323,49.10857],[2.63638,49.10666],[2.63518,49.1047],[2.63651,49.1036],[2.63543,49.10199],[2.64082,49.10109],[2.64112,49.09912],[2.64586,49.10018],[2.65048,49.10087],[2.6562,49.09856],[2.65864,49.09603],[2.66133,49.09677],[2.66293,49.09355],[2.66594,49.09308],[2.67315,49.09109],[2.67753,49.08819],[2.67816,49.08608],[2.68318,49.08202],[2.69504,49.075],[2.6919,49.07185],[2.69109,49.07059],[2.68972,49.06757],[2.69204,49.06653],[2.69833,49.06447],[2.70305,49.06478],[2.70619,49.06531],[2.70913,49.06771],[2.71414,49.07009],[2.71584,49.07162],[2.72097,49.07515],[2.72017,49.07685],[2.72033,49.07959],[2.72418,49.08067],[2.724,49.07824],[2.72493,49.07564],[2.72983,49.075],[2.73088,49.07212],[2.73231,49.07046],[2.73181,49.06866],[2.73302,49.06728],[2.73265,49.06626],[2.73312,49.06276],[2.73482,49.06053],[2.74029,49.06112],[2.74248,49.06098],[2.75181,49.06103],[2.75379,49.06078],[2.76096,49.06312],[2.76627,49.06478],[2.76926,49.06732],[2.77111,49.06796],[2.7744,49.07051],[2.77788,49.07026],[2.78339,49.07351],[2.78728,49.07553],[2.78301,49.07757],[2.77749,49.07888],[2.77299,49.08127],[2.76872,49.08313],[2.77122,49.08401],[2.7797,49.08281],[2.7845,49.08308],[2.78913,49.083],[2.78806,49.08515],[2.78387,49.0889],[2.78756,49.08913],[2.79165,49.09027],[2.79355,49.09073],[2.79551,49.09217],[2.79858,49.09287],[2.80384,49.09542],[2.80921,49.09753],[2.81997,49.08741],[2.8224,49.08623],[2.82817,49.08446],[2.82971,49.08365],[2.833,49.08305],[2.83718,49.08327],[2.84139,49.08462],[2.84508,49.08483],[2.84843,49.08166],[2.84888,49.07903],[2.85504,49.07349],[2.85436,49.07145],[2.85612,49.07009],[2.86135,49.07061],[2.86636,49.07069],[2.87016,49.0701],[2.87193,49.07206],[2.87342,49.07166],[2.87595,49.07409],[2.87689,49.07442],[2.87957,49.07382],[2.88033,49.07594],[2.88361,49.07613],[2.88545,49.07858],[2.88755,49.0795],[2.89496,49.07706],[2.89571,49.07725],[2.89703,49.07958],[2.90144,49.08534],[2.90645,49.08317],[2.91136,49.08212],[2.91589,49.08023],[2.92137,49.07889],[2.92329,49.07759],[2.92585,49.07806],[2.93299,49.08101],[2.93481,49.08095],[2.93406,49.07906],[2.93661,49.07889],[2.93759,49.07797],[2.94149,49.07726],[2.94285,49.07828],[2.94451,49.0826],[2.94442,49.08555],[2.94582,49.08832],[2.94835,49.08686],[2.95131,49.08655],[2.95649,49.08529],[2.95881,49.08782],[2.96056,49.08809],[2.9652,49.09111],[2.96862,49.0915],[2.96808,49.08966],[2.97142,49.08897],[2.97017,49.08628],[2.97253,49.08535],[2.97179,49.08372],[2.97397,49.07965],[2.97505,49.07631],[2.97461,49.07503],[2.97531,49.07394],[2.97726,49.07433],[2.97756,49.07223],[2.97939,49.07284],[2.98285,49.07109],[2.98334,49.072],[2.98683,49.07088],[2.9883,49.07204],[2.98772,49.07666],[2.98843,49.07953],[2.99118,49.084],[2.99439,49.0855],[2.99536,49.0855],[2.99638,49.08769],[2.9994,49.08738],[3.00085,49.08946],[3.00183,49.08866],[3.00405,49.08868],[3.00604,49.0864],[3.00854,49.09161],[3.0155,49.09132],[3.02237,49.08881],[3.02445,49.08769],[3.0317,49.08566],[3.03289,49.08894],[3.03417,49.08853],[3.03967,49.08638],[3.04099,49.08728],[3.04704,49.08668],[3.05002,49.08607],[3.05083,49.08499],[3.05452,49.08578],[3.05414,49.08649],[3.05513,49.08832],[3.0572,49.08707],[3.05848,49.08853],[3.06061,49.08698],[3.06502,49.08516],[3.06614,49.08519],[3.06602,49.08681],[3.06495,49.08721],[3.06292,49.09057],[3.05962,49.09093],[3.05984,49.09208],[3.05736,49.09395],[3.05688,49.09593],[3.05554,49.09655],[3.05621,49.10194],[3.05919,49.10249],[3.05926,49.10372],[3.0626,49.10659],[3.06336,49.10983],[3.06483,49.11033],[3.06554,49.11177],[3.06731,49.11177],[3.06744,49.11412],[3.06948,49.11756],[3.07196,49.11776],[3.07542,49.11521],[3.07849,49.11448],[3.07791,49.11314],[3.07984,49.11293],[3.08019,49.11204],[3.08326,49.11275],[3.08659,49.11212],[3.08817,49.11118],[3.09286,49.11089],[3.09508,49.11185],[3.09969,49.1099],[3.09983,49.10852],[3.10256,49.10803],[3.10795,49.10778],[3.11182,49.1079],[3.11436,49.10717],[3.11613,49.10848],[3.12023,49.10926],[3.12237,49.10887],[3.1237,49.10693],[3.12597,49.10599],[3.1327,49.10737],[3.13403,49.10663],[3.13692,49.10768],[3.13952,49.10676],[3.14075,49.10407],[3.14345,49.10286],[3.14385,49.10213],[3.14649,49.1017],[3.14764,49.101],[3.15206,49.10007],[3.15805,49.09976],[3.15988,49.09944],[3.16523,49.09986],[3.16318,49.09555],[3.15883,49.08799],[3.15645,49.08653],[3.15342,49.08335],[3.15876,49.08031],[3.16623,49.07799],[3.17642,49.07007],[3.17988,49.0658],[3.18198,49.06206],[3.18092,49.05638],[3.18224,49.05448],[3.18215,49.05194],[3.19013,49.05265],[3.19074,49.05128],[3.19028,49.04667],[3.18991,49.04603],[3.18069,49.04464],[3.17984,49.04275],[3.18301,49.04169],[3.18142,49.03886],[3.1789,49.03808],[3.17871,49.03715],[3.1796,49.03392],[3.17674,49.03262],[3.17715,49.03014],[3.17407,49.02854],[3.17126,49.02981],[3.16787,49.028],[3.16397,49.02682],[3.16115,49.0243],[3.16177,49.02181],[3.1632,49.02],[3.166,49.02069],[3.16859,49.01699],[3.16745,49.01246],[3.17326,49.01237],[3.18103,49.01298],[3.18659,49.00979],[3.19138,49.00855],[3.19822,49.00884],[3.19601,49.00663],[3.19609,49.00481],[3.19946,49.0062],[3.20057,49.00363],[3.20217,49.00302],[3.2035,49.00171],[3.20297,49.00077],[3.20727,49.0007],[3.20862,48.99848],[3.20944,48.99397],[3.21158,48.99342],[3.22515,48.99132],[3.22376,48.99008],[3.22471,48.98752],[3.22941,48.98858],[3.22925,48.98746],[3.22674,48.9848],[3.22716,48.98193],[3.231,48.98138],[3.23116,48.97695],[3.23656,48.9776],[3.23948,48.97758],[3.24496,48.97646],[3.25017,48.97392],[3.25147,48.97293],[3.25432,48.96731],[3.25521,48.96205],[3.25683,48.95794],[3.25931,48.95358],[3.25706,48.95272],[3.25854,48.95111],[3.26297,48.94903],[3.2624,48.94846],[3.26187,48.9469],[3.26017,48.94479],[3.26061,48.9439],[3.26385,48.94174],[3.26493,48.93879],[3.26847,48.93787],[3.27187,48.93755],[3.27377,48.93891],[3.27839,48.93956],[3.28453,48.94053],[3.29067,48.94334],[3.30044,48.94669],[3.30441,48.94878],[3.30737,48.94537],[3.31062,48.93884],[3.31272,48.93351],[3.31326,48.92903],[3.31289,48.92417],[3.31326,48.92125],[3.31553,48.92013],[3.31716,48.91856],[3.32028,48.91652],[3.32665,48.91289],[3.33029,48.90871],[3.33433,48.91065],[3.33665,48.90939],[3.3382,48.91165],[3.3409,48.91307],[3.34287,48.91482],[3.34684,48.91709],[3.34916,48.91565],[3.3503,48.91804],[3.35357,48.91524],[3.35715,48.91715],[3.36165,48.9191],[3.36611,48.92308],[3.36711,48.92231],[3.36797,48.9263],[3.36748,48.92832],[3.371,48.92571],[3.37242,48.92263],[3.3714,48.91861],[3.37606,48.9106],[3.37636,48.90929],[3.37576,48.90749],[3.37066,48.90516],[3.37004,48.90113],[3.36928,48.89382],[3.3713,48.8923],[3.37506,48.89206],[3.37987,48.88871],[3.38376,48.88906],[3.38422,48.88804],[3.38074,48.88716],[3.38311,48.8855],[3.38359,48.8845],[3.38108,48.88392],[3.38121,48.88274],[3.38281,48.88076],[3.3803,48.87972],[3.38107,48.87688],[3.38046,48.87418],[3.38137,48.87155],[3.38409,48.87144],[3.38589,48.87233],[3.3906,48.87099],[3.39323,48.87172],[3.39345,48.87561],[3.39717,48.87547],[3.39741,48.87622],[3.40594,48.87608],[3.40547,48.87278],[3.40597,48.87104],[3.40374,48.87121],[3.40158,48.87056],[3.39974,48.86632],[3.40439,48.864],[3.4082,48.86322],[3.41085,48.86449],[3.41339,48.86398],[3.41545,48.86579],[3.41793,48.86533],[3.4199,48.86617],[3.42098,48.86744],[3.42327,48.86753],[3.4248,48.8662],[3.42607,48.86341],[3.4329,48.85961],[3.43562,48.85974],[3.43786,48.8606],[3.4428,48.86036],[3.44577,48.86053],[3.44737,48.85905],[3.44946,48.85825],[3.45213,48.85614],[3.44847,48.85294],[3.44879,48.851],[3.45048,48.84994],[3.45053,48.84894],[3.44673,48.84834],[3.44574,48.84721],[3.44582,48.84327],[3.44789,48.84261],[3.45213,48.84188],[3.45555,48.84195],[3.45892,48.84147],[3.46052,48.84082],[3.46069,48.83949],[3.46281,48.83743],[3.46266,48.83981],[3.46619,48.8426],[3.46818,48.84769],[3.47022,48.85118],[3.48502,48.85185],[3.48668,48.84929],[3.4864,48.84718],[3.48766,48.84321],[3.49047,48.83875],[3.4913,48.83462],[3.48857,48.83149],[3.48518,48.82524],[3.48573,48.82243],[3.48632,48.81632],[3.48703,48.81512],[3.48428,48.81424],[3.48084,48.81218],[3.47911,48.81374],[3.47745,48.81432],[3.47579,48.81679],[3.47405,48.81816],[3.47458,48.8192],[3.46989,48.8211],[3.46518,48.81891],[3.4594,48.81801],[3.46053,48.81536],[3.4515,48.81311],[3.44805,48.81102],[3.4468,48.81232],[3.44125,48.81148],[3.44115,48.81308],[3.43632,48.81183],[3.43166,48.81234],[3.42104,48.8158],[3.41634,48.81797],[3.40526,48.81025],[3.40452,48.80907],[3.40863,48.80616],[3.40947,48.80478],[3.41131,48.80371],[3.41424,48.80399],[3.41458,48.80308],[3.41986,48.80336],[3.42155,48.80244],[3.4231,48.80069],[3.42685,48.80147],[3.4304,48.80172],[3.43183,48.80258],[3.43407,48.80266],[3.43828,48.8046],[3.44209,48.80373],[3.44153,48.80122],[3.43995,48.79898],[3.44032,48.79748],[3.44203,48.7955],[3.44191,48.79208],[3.44357,48.79074],[3.44269,48.78834],[3.44281,48.78586],[3.44165,48.78253],[3.44017,48.78409],[3.43784,48.78511],[3.43598,48.78442],[3.43301,48.78039],[3.4299,48.7795],[3.42713,48.78001],[3.42449,48.78265],[3.42445,48.78488],[3.42144,48.78432],[3.41737,48.78416],[3.41462,48.78449],[3.4131,48.78306],[3.40937,48.78373],[3.40791,48.7788],[3.40277,48.76999],[3.39793,48.76357],[3.39593,48.75929],[3.39606,48.75841],[3.39905,48.75493],[3.40109,48.75471],[3.40825,48.75238],[3.41187,48.75315],[3.41409,48.75397],[3.41422,48.75469],[3.41707,48.75464],[3.42355,48.75398],[3.42369,48.75521],[3.42589,48.75455],[3.42676,48.75674],[3.42853,48.75843],[3.4308,48.75642],[3.43651,48.75324],[3.43658,48.75038],[3.4375,48.7491],[3.43772,48.74668],[3.43691,48.74405],[3.43601,48.74356],[3.43894,48.74039],[3.4385,48.7391],[3.4407,48.73895],[3.44417,48.73684],[3.44711,48.73643],[3.45091,48.7369],[3.45282,48.7378],[3.45521,48.73812],[3.46497,48.73795],[3.46741,48.73858],[3.46972,48.73788],[3.46729,48.73417],[3.4675,48.73247],[3.46664,48.72886],[3.46714,48.72308],[3.46721,48.72078],[3.46795,48.7188],[3.46756,48.71614],[3.46591,48.71451],[3.465,48.71176],[3.46675,48.70884],[3.46388,48.70724],[3.46684,48.70468],[3.46916,48.70345],[3.47004,48.7012],[3.47302,48.70151],[3.47692,48.69924],[3.47779,48.69788],[3.47648,48.69752],[3.47242,48.69781],[3.47055,48.6938],[3.47117,48.69226],[3.47268,48.69132],[3.47132,48.6901],[3.47336,48.68878],[3.47142,48.68571],[3.46965,48.68631],[3.46454,48.68599],[3.46234,48.68539],[3.4561,48.68292],[3.45105,48.68003],[3.44765,48.67721],[3.44944,48.67577],[3.44686,48.6749],[3.4427,48.67233],[3.4442,48.671],[3.44637,48.6669],[3.44056,48.66365],[3.44275,48.66224],[3.4459,48.6621],[3.44757,48.66039],[3.44991,48.65913],[3.45091,48.65755],[3.4548,48.65642],[3.45816,48.65483],[3.45881,48.65372],[3.46057,48.65304],[3.45815,48.65009],[3.45923,48.64968],[3.45622,48.64566],[3.45722,48.64444],[3.45567,48.64369],[3.45577,48.64142],[3.45359,48.64069],[3.452,48.63789],[3.45359,48.63735],[3.45357,48.63618],[3.45155,48.63446],[3.45654,48.63375],[3.45832,48.63456],[3.4621,48.63474],[3.46292,48.63551],[3.46794,48.63675],[3.47099,48.63631],[3.47612,48.6371],[3.47578,48.63782],[3.48007,48.63929],[3.48558,48.64194],[3.48939,48.64664],[3.49226,48.64745],[3.49851,48.64716],[3.50187,48.6456],[3.51037,48.64415],[3.51757,48.64348],[3.52247,48.64426],[3.52858,48.64591],[3.52888,48.64558],[3.5336,48.64652],[3.53265,48.6457],[3.52919,48.64506],[3.53006,48.64344],[3.5281,48.64298],[3.52528,48.64019],[3.52109,48.63772],[3.51829,48.6374],[3.51775,48.63666],[3.51911,48.6351],[3.51929,48.63308],[3.52414,48.63253],[3.52872,48.63267],[3.53208,48.63315],[3.53658,48.6315],[3.53822,48.63156],[3.54446,48.62883],[3.54815,48.62661],[3.55113,48.62287],[3.55428,48.62158],[3.55551,48.62023],[3.55903,48.61772],[3.55828,48.61638],[3.55673,48.6161],[3.55332,48.61648],[3.54885,48.61609],[3.54057,48.61627],[3.5408,48.61455],[3.53951,48.61249],[3.5364,48.61159],[3.53518,48.6103],[3.52606,48.60868],[3.51216,48.60665],[3.50299,48.60464],[3.50686,48.6008],[3.50769,48.59962],[3.51211,48.59625],[3.51511,48.59112],[3.5163,48.58984],[3.51524,48.58949],[3.50867,48.5893],[3.49348,48.59007],[3.49029,48.58646],[3.48531,48.58034],[3.4731,48.5766],[3.46867,48.57288],[3.46535,48.57047],[3.46846,48.56806],[3.47178,48.56397],[3.47399,48.56466],[3.47473,48.56032],[3.47714,48.55737],[3.47704,48.5555],[3.47562,48.55475],[3.47652,48.55181],[3.47829,48.55065],[3.48399,48.54998],[3.48618,48.54699],[3.48615,48.5451],[3.47954,48.54534],[3.48013,48.54373],[3.48175,48.54145],[3.4769,48.54157],[3.47353,48.5405],[3.46951,48.53843],[3.46698,48.53528],[3.46353,48.53385],[3.45917,48.53068],[3.45584,48.52944],[3.45086,48.5286],[3.44959,48.53042],[3.44675,48.52891],[3.44003,48.52841],[3.43897,48.52809],[3.43609,48.52872],[3.43404,48.52868],[3.43037,48.53121],[3.42912,48.53079],[3.42623,48.5309],[3.42352,48.53362],[3.41549,48.53234],[3.41423,48.53348],[3.40537,48.52785],[3.42044,48.51744],[3.42121,48.51564],[3.42393,48.51425],[3.42708,48.50643],[3.42859,48.50545],[3.43036,48.5022],[3.43266,48.50025],[3.43523,48.49687],[3.43333,48.4931],[3.43464,48.49025],[3.42855,48.49076],[3.4239,48.49024],[3.42236,48.49191],[3.42084,48.49183],[3.41999,48.48987],[3.41645,48.48985],[3.4148,48.48728],[3.41317,48.48669],[3.41095,48.48733],[3.40997,48.48567],[3.40862,48.4856],[3.40771,48.48684],[3.40782,48.48835],[3.4042,48.48798],[3.40374,48.48581],[3.40079,48.48627],[3.3994,48.48717],[3.3982,48.48585],[3.40054,48.48507],[3.39941,48.48345],[3.39338,48.48421],[3.39388,48.48126],[3.39168,48.48127],[3.39058,48.48066],[3.38511,48.47967],[3.38425,48.47799],[3.38853,48.47717],[3.39049,48.47355],[3.39115,48.47045],[3.39295,48.47011],[3.39589,48.47053],[3.39678,48.46854],[3.39965,48.46807],[3.40024,48.46638],[3.39813,48.46654],[3.39552,48.46574],[3.39404,48.46436],[3.39443,48.46272],[3.39588,48.46117],[3.4005,48.46007],[3.40022,48.45918],[3.40368,48.4545],[3.40583,48.4533],[3.40647,48.45263],[3.40616,48.4472],[3.40665,48.44636],[3.40496,48.44537],[3.40519,48.44453],[3.4039,48.44213],[3.40394,48.44073],[3.40494,48.43941],[3.40274,48.43861],[3.40113,48.4368],[3.40063,48.43509],[3.3987,48.43639],[3.39528,48.43676],[3.39711,48.43467],[3.39709,48.43334],[3.39527,48.43264],[3.39466,48.43125],[3.39531,48.42916],[3.39451,48.42775],[3.39183,48.42677],[3.39206,48.42529],[3.3933,48.42412],[3.39721,48.42398],[3.39737,48.42455],[3.40112,48.42397],[3.40058,48.42246],[3.40494,48.42341],[3.40765,48.42291],[3.41186,48.42142],[3.4115,48.41747],[3.40906,48.41763],[3.40766,48.41557],[3.40262,48.41757],[3.40169,48.41626],[3.40337,48.41474],[3.40496,48.41551],[3.40943,48.41425],[3.41336,48.41419],[3.41534,48.41578],[3.4169,48.41551],[3.41978,48.41671],[3.42233,48.41614],[3.42201,48.41297],[3.42094,48.40915],[3.41862,48.40456],[3.41804,48.40228],[3.41701,48.40071],[3.41631,48.39782],[3.41549,48.39639],[3.41574,48.39403],[3.41474,48.39019],[3.40972,48.39031],[3.40638,48.38975],[3.40592,48.39109],[3.40202,48.38964],[3.40031,48.39209],[3.39818,48.39157],[3.39722,48.3928],[3.39556,48.39251],[3.39456,48.39354],[3.39473,48.39546],[3.39065,48.39624],[3.38809,48.39715],[3.38786,48.39847],[3.38539,48.39842],[3.38344,48.39925],[3.38089,48.39894],[3.37804,48.39912],[3.37555,48.39861],[3.3736,48.39345],[3.36723,48.39425],[3.36366,48.38517],[3.36286,48.38245],[3.36293,48.37609],[3.36574,48.37592],[3.36518,48.37227],[3.36179,48.37246],[3.35933,48.3722],[3.35792,48.37115],[3.35647,48.37156],[3.35593,48.37692],[3.35669,48.3785],[3.35115,48.37874],[3.34835,48.37333],[3.34374,48.37338],[3.34144,48.37311],[3.33645,48.37314],[3.33546,48.37019],[3.33201,48.37223],[3.3298,48.37223],[3.32793,48.37298],[3.32252,48.37359],[3.31985,48.37487],[3.3199,48.37555],[3.31717,48.37652],[3.31263,48.37709],[3.30932,48.37698],[3.31104,48.37298],[3.30521,48.37295],[3.30502,48.37396],[3.30172,48.37391],[3.30135,48.37564],[3.29953,48.37562],[3.30029,48.37835],[3.29886,48.37893],[3.29521,48.37702],[3.29116,48.37627],[3.28981,48.37694],[3.29127,48.38004],[3.28611,48.38073],[3.28291,48.38162],[3.28249,48.37744],[3.2798,48.37759],[3.27679,48.37721],[3.27315,48.37717],[3.27232,48.37883],[3.26805,48.37784],[3.26855,48.37582],[3.26718,48.37578],[3.26719,48.3736],[3.26107,48.37304],[3.2618,48.36836],[3.2567,48.36786],[3.25684,48.36681],[3.25451,48.36663],[3.25447,48.3651],[3.25115,48.36517],[3.24975,48.36554],[3.2481,48.36751],[3.24568,48.36739],[3.23834,48.36793],[3.23205,48.36929],[3.23303,48.3702],[3.2273,48.37015],[3.22579,48.36991],[3.22486,48.36924],[3.22296,48.37037],[3.21558,48.36804],[3.21369,48.36696],[3.21196,48.36667],[3.20925,48.36544],[3.20532,48.36489],[3.20415,48.36438],[3.20023,48.36364],[3.19849,48.36523],[3.19741,48.36763],[3.1939,48.36908],[3.19051,48.37096],[3.1868,48.36854],[3.18463,48.36809],[3.18283,48.37196],[3.18117,48.37445],[3.17908,48.37572],[3.17619,48.37666],[3.17157,48.37742],[3.16943,48.37394],[3.16705,48.37107],[3.16414,48.37146],[3.15898,48.37134],[3.15694,48.37221],[3.15533,48.37022],[3.15243,48.37144],[3.15031,48.36954],[3.14806,48.37005],[3.14794,48.3685],[3.14664,48.36665],[3.14312,48.36842],[3.14098,48.36893],[3.14129,48.37005],[3.13982,48.37257],[3.13642,48.37169],[3.13423,48.37024],[3.13194,48.36944],[3.12789,48.36957],[3.12832,48.36726],[3.12212,48.36864],[3.11923,48.3669],[3.11705,48.36652],[3.11391,48.36401],[3.1107,48.35976],[3.10886,48.35542],[3.10711,48.35394],[3.10797,48.35345],[3.10336,48.34936],[3.09953,48.35178],[3.09944,48.35308],[3.10098,48.35495],[3.09998,48.35726],[3.09748,48.35779],[3.0936,48.35794],[3.08845,48.35722],[3.08571,48.35767],[3.08359,48.35868],[3.08176,48.3606],[3.07865,48.36126],[3.07442,48.36024],[3.07043,48.35824],[3.06632,48.35767],[3.06035,48.35742],[3.05863,48.35793],[3.0543,48.3605],[3.05028,48.36],[3.04755,48.35785],[3.04613,48.35797],[3.04167,48.35063],[3.03996,48.34717],[3.03706,48.34267],[3.03736,48.34118],[3.0364,48.33782],[3.03667,48.33495],[3.04318,48.33225],[3.04337,48.33066],[3.04188,48.32916],[3.03816,48.32845],[3.03634,48.3258],[3.03384,48.32424],[3.03384,48.32344],[3.02806,48.32161],[3.029,48.31974],[3.02625,48.31899],[3.02687,48.31688],[3.02508,48.31624],[3.02412,48.31448],[3.02239,48.31411],[3.02084,48.31228],[3.01534,48.3073],[3.01465,48.30629],[3.01548,48.30514],[3.0196,48.3031],[3.02752,48.30284],[3.02723,48.30074],[3.02495,48.29909],[3.0202,48.29671],[3.0186,48.29496],[3.02173,48.29255],[3.02418,48.29116],[3.02799,48.28687],[3.02961,48.28578],[3.02668,48.2825],[3.02614,48.27962],[3.02473,48.27603],[3.02843,48.27506],[3.03119,48.27369],[3.03593,48.27357],[3.0437,48.27201],[3.04547,48.27074],[3.046,48.26681],[3.04268,48.2624],[3.04487,48.25956],[3.04619,48.25636],[3.04614,48.25284],[3.04735,48.2497],[3.04307,48.24932],[3.0365,48.25085],[3.03142,48.24885],[3.02599,48.24201],[3.02752,48.24161],[3.01883,48.23512],[3.02069,48.23412],[3.01909,48.23183],[3.02309,48.23045],[3.0203,48.2285],[3.01418,48.22357],[3.01302,48.22218],[3.01149,48.22059],[3.01056,48.21867],[3.00707,48.21481],[3.00704,48.21391],[3.00856,48.21236],[3.00732,48.21107],[3.00446,48.20703],[3.00233,48.20744],[2.99938,48.2068],[2.99679,48.20732],[2.99503,48.20558],[2.99281,48.20465],[2.99135,48.20732],[2.98907,48.20923],[2.98619,48.2083],[2.98155,48.20609],[2.98001,48.20567],[2.97324,48.20562],[2.9718,48.20424],[2.9714,48.20091],[2.97381,48.19829],[2.97364,48.19695],[2.97097,48.19421],[2.96744,48.19298],[2.96517,48.19308],[2.96138,48.19195],[2.95757,48.1917],[2.95535,48.19251],[2.94872,48.18938],[2.94025,48.18297],[2.93696,48.18315],[2.93569,48.17983],[2.93467,48.17913],[2.93535,48.17723],[2.93466,48.17598],[2.93439,48.17367],[2.93478,48.17162],[2.93479,48.16741],[2.93662,48.16346],[2.90001,48.15965],[2.88384,48.15792],[2.87102,48.15663],[2.86778,48.15666],[2.86679,48.15616],[2.86469,48.15376],[2.86313,48.15133],[2.86217,48.15111],[2.85948,48.14786],[2.85468,48.14453],[2.84983,48.14179],[2.84597,48.14054],[2.84568,48.13977],[2.84094,48.13829],[2.83632,48.13406],[2.83285,48.13439],[2.8301,48.13411],[2.8259,48.13324],[2.8242,48.13393],[2.82228,48.13191],[2.82093,48.12972],[2.81759,48.12997],[2.81394,48.1315],[2.81023,48.13034],[2.80756,48.13051],[2.80736,48.13135],[2.80078,48.13163],[2.80067,48.13481],[2.79926,48.13737],[2.79685,48.1418],[2.79788,48.14334],[2.79785,48.14476],[2.79921,48.14524],[2.79899,48.14657],[2.8012,48.14965],[2.79849,48.15025],[2.79798,48.1509],[2.80206,48.1551],[2.80342,48.15547],[2.80712,48.15822],[2.80794,48.158],[2.81032,48.16104],[2.80993,48.16159],[2.81142,48.16374],[2.81026,48.1661],[2.80828,48.16619],[2.80242,48.16441],[2.80067,48.16477],[2.79995,48.16819],[2.79742,48.16741],[2.79526,48.16913],[2.79413,48.16889],[2.79296,48.16583],[2.79205,48.16455],[2.7861,48.16645],[2.78107,48.16733],[2.77886,48.1674],[2.77687,48.16612],[2.77562,48.16425],[2.77095,48.16221],[2.76751,48.16364],[2.76673,48.16477],[2.75837,48.16347],[2.75981,48.16203],[2.75521,48.1602],[2.75284,48.1624],[2.75095,48.16193],[2.74745,48.16308],[2.74663,48.16372],[2.73997,48.16514],[2.7367,48.16615],[2.738,48.16384],[2.73974,48.16176],[2.74059,48.15996],[2.74276,48.15948],[2.74381,48.15839],[2.74605,48.15862],[2.74608,48.15724],[2.74948,48.15607],[2.75012,48.15483],[2.75357,48.1532],[2.75574,48.14895],[2.75562,48.14589],[2.74987,48.14477],[2.74559,48.14329],[2.72057,48.13696],[2.71912,48.13496],[2.718,48.13233],[2.71414,48.12942],[2.70677,48.12545],[2.70551,48.12312],[2.70329,48.12428],[2.69645,48.12527],[2.69442,48.12535],[2.69262,48.12383],[2.68782,48.12504],[2.68257,48.12449],[2.67774,48.12488],[2.67704,48.12582],[2.6722,48.12426],[2.67147,48.12213],[2.66901,48.12086],[2.66747,48.12071],[2.66444,48.12008],[2.66265,48.12231],[2.65331,48.12993],[2.64388,48.13746],[2.6407,48.13814],[2.6392,48.13891],[2.63373,48.13824],[2.62782,48.13698],[2.62229,48.13646],[2.6169,48.13483],[2.61317,48.13304],[2.60304,48.13161],[2.60039,48.13156],[2.5884,48.13214],[2.58581,48.13203],[2.58235,48.13237],[2.57696,48.13204],[2.57472,48.1313],[2.57062,48.14092],[2.56144,48.14141],[2.55927,48.14175],[2.55509,48.14088],[2.54757,48.14077],[2.54259,48.14115],[2.53791,48.14066],[2.53733,48.14018],[2.52977,48.13471],[2.52162,48.12763],[2.5196,48.12696],[2.52217,48.12532],[2.52072,48.12505],[2.51707,48.12581],[2.5151,48.12671],[2.5014,48.12651],[2.49023,48.12666],[2.47655,48.12939],[2.47255,48.12856],[2.46912,48.1294],[2.46813,48.12733],[2.46492,48.12935],[2.45984,48.12693],[2.45873,48.1258],[2.45876,48.12547],[2.45435,48.12244],[2.45196,48.12337],[2.44896,48.12572],[2.44763,48.12496],[2.44449,48.12433],[2.44177,48.12477],[2.44267,48.12578],[2.44396,48.13158],[2.44701,48.13152],[2.44886,48.13242],[2.4514,48.13223],[2.45181,48.13438],[2.45466,48.13581],[2.45992,48.13687],[2.46358,48.14137],[2.46441,48.14282],[2.46449,48.14454],[2.46585,48.14494],[2.46746,48.14827],[2.47463,48.149],[2.47397,48.15185],[2.47189,48.15452],[2.47357,48.15401],[2.47532,48.15617],[2.4784,48.15501],[2.4784,48.15663],[2.48013,48.1601],[2.48092,48.16265],[2.48316,48.1646],[2.48799,48.16223],[2.49338,48.16084],[2.50252,48.15822],[2.50595,48.15651],[2.51058,48.16075],[2.51677,48.16676],[2.51417,48.16859],[2.51472,48.16906],[2.51211,48.17075],[2.51557,48.17458],[2.5099,48.17782],[2.50715,48.17976],[2.50875,48.18064],[2.5088,48.18225],[2.51611,48.18721],[2.5179,48.19029],[2.51701,48.19096],[2.51369,48.19036],[2.51275,48.19309],[2.51457,48.19297],[2.51808,48.19411],[2.52003,48.19404],[2.52298,48.19486],[2.52286,48.19776],[2.52278,48.20038],[2.51992,48.20059],[2.51863,48.20123],[2.51901,48.20293],[2.52103,48.20659],[2.5169,48.21001],[2.51753,48.21443],[2.51405,48.21448],[2.5153,48.21759],[2.51427,48.2185],[2.51332,48.22451],[2.51736,48.22707],[2.51852,48.22831],[2.51251,48.22663],[2.51038,48.22581],[2.50663,48.22581],[2.50766,48.23297],[2.50627,48.23863],[2.50068,48.23885],[2.49426,48.2388],[2.48755,48.23954],[2.48663,48.24013],[2.48417,48.23891],[2.47609,48.24464],[2.47879,48.24983],[2.4759,48.25039],[2.47618,48.25127],[2.4687,48.25533],[2.46706,48.25462],[2.45782,48.25149],[2.45319,48.2501],[2.45011,48.24992],[2.45009,48.25128],[2.44635,48.2553],[2.4434,48.25437],[2.4428,48.25357],[2.44021,48.25328],[2.43853,48.25475],[2.43239,48.25484],[2.43029,48.25538],[2.42803,48.25669],[2.4264,48.2599],[2.42351,48.26022],[2.4223,48.26178],[2.42158,48.26384],[2.41975,48.26577],[2.41985,48.26693],[2.42125,48.26788],[2.41918,48.27063],[2.41777,48.27188],[2.41794,48.27333],[2.41904,48.2744],[2.41915,48.27709],[2.41759,48.2783],[2.41818,48.28089],[2.41985,48.28277],[2.42012,48.28518],[2.42173,48.28565],[2.42332,48.28847],[2.42242,48.29061],[2.42344,48.29442],[2.42115,48.29623],[2.42099,48.29836],[2.42031,48.29976],[2.41856,48.30177],[2.41504,48.30426],[2.41335,48.30678],[2.40983,48.30935],[2.40854,48.31108],[2.40649,48.31238],[2.40574,48.31428],[2.40434,48.31488],[2.40409,48.3174],[2.40258,48.31826],[2.40297,48.32064],[2.40237,48.32159],[2.39774,48.3235],[2.39661,48.32514],[2.39385,48.32679],[2.39314,48.32897],[2.39432,48.33273],[2.39371,48.33464],[2.39234,48.33592],[2.39304,48.33628],[2.39696,48.33366],[2.40223,48.33298],[2.40409,48.33362],[2.40737,48.33544],[2.41025,48.33624],[2.41316,48.33634],[2.41655,48.33694],[2.42007,48.33699],[2.42248,48.33661],[2.42866,48.33741],[2.43119,48.33556],[2.43375,48.33444],[2.43239,48.33828],[2.43288,48.33929],[2.43095,48.34203],[2.42919,48.34672],[2.43113,48.34978],[2.43486,48.35427],[2.43693,48.3527],[2.44076,48.35156],[2.44281,48.35388],[2.44399,48.35715],[2.44168,48.35798],[2.44061,48.35716],[2.43727,48.36069],[2.43563,48.35975],[2.43328,48.35931],[2.42968,48.36194],[2.43401,48.36485],[2.43778,48.36663],[2.44309,48.36948],[2.44529,48.36824],[2.44689,48.36807],[2.44703,48.36624],[2.451,48.36689],[2.44909,48.36963],[2.44751,48.37274],[2.45142,48.37476],[2.45363,48.37546],[2.45758,48.37568],[2.45918,48.37623],[2.46817,48.37635],[2.47582,48.37943],[2.47921,48.38107],[2.48494,48.38344],[2.47401,48.39043],[2.47871,48.39304],[2.48231,48.39441],[2.48352,48.39726],[2.48724,48.39621],[2.49213,48.39545],[2.49875,48.39666],[2.50283,48.39286],[2.50596,48.39388],[2.50792,48.39528],[2.51062,48.39647],[2.5136,48.39834],[2.51695,48.39964],[2.52088,48.40176],[2.52176,48.40498],[2.52562,48.40438],[2.53031,48.40451],[2.53505,48.40413],[2.54699,48.40157]]]},"properties":{"dep":"77","code":"77","nom":"77"}},{"type":"Feature","geometry":{"type":"Polygon","coordinates":[[[2.127,48.98924],[2.14265,48.98794],[2.14831,48.9865],[2.15047,48.98646],[2.1557,48.98559],[2.15634,48.9849],[2.16157,48.98297],[2.16411,48.98238],[2.16602,48.98111],[2.17055,48.97839],[2.17527,48.97358],[2.1761,48.96998],[2.17717,48.9675],[2.17905,48.96609],[2.1782,48.96388],[2.17822,48.95964],[2.1775,48.95784],[2.1755,48.95534],[2.17333,48.95348],[2.17574,48.95213],[2.17795,48.95456],[2.1817,48.95357],[2.18401,48.95332],[2.1902,48.95177],[2.18971,48.95046],[2.19382,48.95058],[2.20037,48.94969],[2.20058,48.95036],[2.20587,48.94986],[2.20627,48.94612],[2.20536,48.9421],[2.20609,48.94065],[2.20278,48.93996],[2.20299,48.93775],[2.20164,48.93772],[2.20102,48.93609],[2.19928,48.93527],[2.20251,48.93032],[2.20307,48.92741],[2.20517,48.92203],[2.20239,48.92098],[2.19919,48.91897],[2.20082,48.91801],[2.20386,48.91454],[2.19821,48.91205],[2.20047,48.90863],[2.20003,48.90844],[2.19703,48.90721],[2.19639,48.9069],[2.1955,48.90633],[2.19442,48.90558],[2.19406,48.90536],[2.19312,48.90499],[2.19261,48.9048],[2.19199,48.90461],[2.19096,48.90433],[2.19008,48.90411],[2.18814,48.90364],[2.1869,48.90336],[2.18521,48.90306],[2.18262,48.90253],[2.18154,48.90219],[2.18083,48.90194],[2.17737,48.90067],[2.17659,48.90035],[2.17568,48.89989],[2.17438,48.89906],[2.1737,48.89864],[2.17319,48.89836],[2.1723,48.89783],[2.1719,48.89764],[2.1713,48.8973],[2.17071,48.89689],[2.17006,48.89639],[2.16935,48.89582],[2.16893,48.8955],[2.16833,48.895],[2.16781,48.89437],[2.16757,48.89398],[2.16737,48.89369],[2.1671,48.8932],[2.16675,48.89227],[2.16664,48.89209],[2.16625,48.89163],[2.16604,48.89133],[2.1657,48.89105],[2.16414,48.88962],[2.16395,48.88933],[2.16369,48.88903],[2.16338,48.88857],[2.16308,48.88794],[2.16292,48.88732],[2.16293,48.88706],[2.163,48.88665],[2.16335,48.88541],[2.16341,48.88503],[2.16349,48.88488],[2.16353,48.88439],[2.16354,48.88386],[2.16347,48.88345],[2.1633,48.88294],[2.16306,48.88265],[2.16271,48.88234],[2.16226,48.88202],[2.1618,48.88175],[2.16103,48.88145],[2.16066,48.88135],[2.16028,48.88128],[2.15973,48.88112],[2.15889,48.8808],[2.15832,48.88061],[2.15805,48.88041],[2.15776,48.88012],[2.15753,48.87977],[2.15727,48.87945],[2.15689,48.87888],[2.15583,48.87738],[2.15555,48.87706],[2.15426,48.87518],[2.15345,48.87413],[2.15274,48.87312],[2.15216,48.87246],[2.15039,48.87086],[2.15008,48.87059],[2.14937,48.87006],[2.14886,48.86974],[2.14802,48.86931],[2.14848,48.86847],[2.14873,48.86844],[2.15205,48.86825],[2.1522,48.86826],[2.15267,48.86837],[2.15547,48.86916],[2.15719,48.86964],[2.15735,48.86919],[2.1573,48.86894],[2.15716,48.8688],[2.1567,48.86847],[2.15641,48.86818],[2.15588,48.86754],[2.15556,48.86727],[2.1554,48.86706],[2.15488,48.86659],[2.15465,48.86633],[2.15448,48.86607],[2.15437,48.8658],[2.1542,48.86513],[2.15398,48.8647],[2.15376,48.8644],[2.15418,48.86422],[2.15494,48.86378],[2.15435,48.86345],[2.15402,48.86318],[2.1534,48.86263],[2.15322,48.86237],[2.1531,48.86199],[2.15318,48.86183],[2.15329,48.86141],[2.15243,48.86114],[2.15184,48.8609],[2.15117,48.86058],[2.15013,48.85953],[2.15154,48.8591],[2.151,48.85816],[2.15069,48.85823],[2.15034,48.85804],[2.15047,48.85776],[2.15013,48.857],[2.15018,48.85696],[2.15117,48.85656],[2.15126,48.85655],[2.15075,48.85615],[2.15247,48.85474],[2.15425,48.85332],[2.15438,48.85275],[2.15488,48.8524],[2.15655,48.85119],[2.15784,48.85019],[2.15883,48.84954],[2.15914,48.84929],[2.1593,48.84848],[2.15938,48.84815],[2.15987,48.84776],[2.15989,48.84764],[2.15987,48.84754],[2.15839,48.84756],[2.15708,48.84774],[2.15652,48.84786],[2.15458,48.84842],[2.15359,48.84874],[2.15321,48.84885],[2.15303,48.84887],[2.15197,48.84877],[2.1518,48.84867],[2.15173,48.84846],[2.15153,48.84848],[2.15104,48.8481],[2.15077,48.8477],[2.15062,48.84755],[2.14998,48.8467],[2.14987,48.84654],[2.14985,48.84631],[2.14964,48.84625],[2.14875,48.84501],[2.14863,48.84481],[2.14748,48.84319],[2.14573,48.84177],[2.14584,48.8408],[2.14572,48.83969],[2.14572,48.83954],[2.14582,48.8393],[2.14609,48.83896],[2.14622,48.83868],[2.14626,48.83845],[2.14621,48.83816],[2.14587,48.8369],[2.14591,48.83617],[2.14595,48.83587],[2.14702,48.83285],[2.14733,48.83187],[2.14736,48.83172],[2.14791,48.83022],[2.14848,48.82849],[2.14876,48.82773],[2.14902,48.82696],[2.15045,48.82367],[2.15096,48.82261],[2.15147,48.82141],[2.15142,48.82113],[2.15124,48.8207],[2.15079,48.81987],[2.15059,48.81945],[2.1503,48.81875],[2.15075,48.81884],[2.15076,48.81823],[2.15088,48.81791],[2.15123,48.81764],[2.1514,48.81728],[2.15164,48.81697],[2.15212,48.81671],[2.15263,48.81646],[2.15324,48.81614],[2.15342,48.8161],[2.1543,48.81612],[2.15449,48.81606],[2.15568,48.81542],[2.15691,48.81481],[2.15734,48.81457],[2.15854,48.81396],[2.15986,48.81349],[2.16049,48.81308],[2.16091,48.8129],[2.16128,48.81278],[2.16162,48.81265],[2.16204,48.81254],[2.16273,48.81243],[2.16442,48.81236],[2.16527,48.81232],[2.16653,48.8123],[2.16686,48.81255],[2.16739,48.81283],[2.16767,48.81308],[2.16788,48.81344],[2.16813,48.81382],[2.16932,48.81591],[2.17136,48.81558],[2.1741,48.81517],[2.17482,48.81511],[2.17571,48.81459],[2.17674,48.81401],[2.17667,48.81381],[2.17615,48.81301],[2.17592,48.8128],[2.17586,48.81262],[2.17592,48.81203],[2.17598,48.81189],[2.17613,48.81181],[2.17645,48.81173],[2.17659,48.81158],[2.17636,48.81105],[2.17639,48.81092],[2.1774,48.81023],[2.17727,48.81009],[2.17818,48.80944],[2.17855,48.80959],[2.17949,48.80883],[2.1796,48.80879],[2.18037,48.80818],[2.18039,48.80806],[2.18157,48.80667],[2.18205,48.80624],[2.18192,48.80618],[2.18307,48.80526],[2.18042,48.80481],[2.18049,48.80466],[2.18044,48.80453],[2.18196,48.8006],[2.18249,48.80066],[2.18259,48.80061],[2.18352,48.80079],[2.184,48.80087],[2.18487,48.80098],[2.18521,48.80104],[2.18563,48.80106],[2.1859,48.80102],[2.18644,48.80087],[2.18696,48.80071],[2.18668,48.8005],[2.18583,48.79977],[2.18556,48.79951],[2.18495,48.79897],[2.18294,48.79723],[2.18579,48.79727],[2.18668,48.7973],[2.18942,48.79735],[2.1914,48.7974],[2.19235,48.79744],[2.19309,48.79744],[2.19467,48.79749],[2.19518,48.79749],[2.19653,48.79755],[2.19738,48.79805],[2.19841,48.79862],[2.19859,48.79846],[2.1987,48.79847],[2.20262,48.79843],[2.20321,48.79789],[2.20345,48.79772],[2.20431,48.79731],[2.20451,48.79712],[2.20467,48.79683],[2.20471,48.79659],[2.20451,48.79613],[2.2044,48.79598],[2.20447,48.79578],[2.20497,48.79553],[2.20534,48.79524],[2.20553,48.79514],[2.20601,48.79497],[2.20699,48.79493],[2.20763,48.79469],[2.20994,48.79388],[2.21004,48.79366],[2.21149,48.79132],[2.21163,48.79126],[2.21066,48.79012],[2.20877,48.78786],[2.20627,48.78489],[2.20652,48.78471],[2.207,48.78534],[2.20712,48.78523],[2.20896,48.7876],[2.20932,48.78772],[2.21151,48.78814],[2.21924,48.78536],[2.21977,48.78546],[2.22138,48.78593],[2.22332,48.78594],[2.22407,48.78498],[2.22435,48.78456],[2.22523,48.78336],[2.22606,48.78231],[2.22662,48.78158],[2.2248,48.78085],[2.22369,48.78065],[2.22372,48.78041],[2.22402,48.78015],[2.22403,48.77974],[2.22419,48.77942],[2.22426,48.77905],[2.2242,48.77881],[2.224,48.77843],[2.22398,48.77822],[2.22403,48.77794],[2.22411,48.7778],[2.22457,48.77745],[2.2248,48.77707],[2.22495,48.77668],[2.22523,48.7765],[2.22562,48.77633],[2.22624,48.77616],[2.22655,48.7761],[2.22765,48.77222],[2.22914,48.77047],[2.22513,48.77013],[2.22387,48.77125],[2.22098,48.77089],[2.21806,48.77141],[2.21202,48.77161],[2.20956,48.76948],[2.20689,48.77002],[2.2055,48.76974],[2.20301,48.77146],[2.20067,48.77211],[2.20112,48.77573],[2.20015,48.7758],[2.19073,48.77503],[2.18642,48.7725],[2.19059,48.77111],[2.19162,48.76874],[2.19161,48.76662],[2.19314,48.76467],[2.19304,48.76359],[2.19096,48.76055],[2.19303,48.76025],[2.19195,48.75818],[2.19014,48.7568],[2.19089,48.75531],[2.18955,48.75434],[2.18621,48.75398],[2.18087,48.75893],[2.17221,48.75667],[2.16815,48.75668],[2.16695,48.75606],[2.16124,48.75013],[2.15611,48.75174],[2.15135,48.75458],[2.15033,48.75276],[2.14662,48.7509],[2.14262,48.74924],[2.14102,48.74697],[2.14106,48.7461],[2.13707,48.74642],[2.13666,48.74555],[2.13884,48.74324],[2.14004,48.74208],[2.1377,48.74073],[2.13491,48.73753],[2.12605,48.73759],[2.12548,48.74],[2.11961,48.74232],[2.11628,48.74093],[2.11635,48.73963],[2.1136,48.73948],[2.11102,48.73988],[2.10464,48.73814],[2.10269,48.73775],[2.09803,48.73469],[2.10155,48.7331],[2.10367,48.73291],[2.10228,48.73144],[2.10303,48.73026],[2.10679,48.72881],[2.10856,48.72768],[2.1099,48.72548],[2.11182,48.72394],[2.11229,48.7228],[2.10609,48.71942],[2.10625,48.71889],[2.10762,48.71776],[2.10978,48.71591],[2.11034,48.71472],[2.10241,48.70551],[2.10077,48.70288],[2.0999,48.70247],[2.09694,48.70284],[2.09598,48.70027],[2.09827,48.69972],[2.09683,48.69745],[2.09712,48.69426],[2.09425,48.69484],[2.09393,48.69663],[2.09099,48.69713],[2.08926,48.69855],[2.08793,48.69712],[2.08647,48.69655],[2.08553,48.69457],[2.08792,48.69311],[2.08409,48.68914],[2.082,48.68554],[2.07926,48.68512],[2.07633,48.68781],[2.07256,48.68823],[2.0695,48.69001],[2.06735,48.68896],[2.06419,48.68944],[2.06647,48.68695],[2.0617,48.6874],[2.06117,48.68652],[2.05549,48.68643],[2.05497,48.68684],[2.0509,48.68754],[2.04566,48.68748],[2.04561,48.68573],[2.04432,48.68566],[2.04228,48.68249],[2.04383,48.68199],[2.04256,48.68008],[2.03764,48.68022],[2.03746,48.67961],[2.03388,48.67998],[2.03351,48.67395],[2.03201,48.66955],[2.02901,48.66402],[2.02825,48.65722],[2.025,48.65761],[2.02219,48.65878],[2.02115,48.65764],[2.01675,48.65911],[2.01165,48.65989],[2.01123,48.65679],[2.01168,48.6537],[2.01189,48.6514],[2.01,48.64844],[2.01499,48.64748],[2.01631,48.64635],[2.01911,48.64511],[2.01649,48.64105],[2.02038,48.64217],[2.02913,48.64244],[2.03112,48.6427],[2.03355,48.64184],[2.03713,48.64185],[2.03822,48.64095],[2.03612,48.63898],[2.03511,48.63726],[2.03524,48.63546],[2.03695,48.63318],[2.03551,48.63214],[2.03796,48.63087],[2.04031,48.63098],[2.04045,48.62754],[2.04154,48.62691],[2.04261,48.62638],[2.04249,48.6253],[2.04605,48.62487],[2.04589,48.62241],[2.04694,48.62147],[2.04896,48.62148],[2.05393,48.62063],[2.05409,48.61778],[2.06057,48.61751],[2.0605,48.61526],[2.05766,48.61345],[2.0571,48.61107],[2.05542,48.61222],[2.05395,48.61241],[2.05484,48.60785],[2.05175,48.60753],[2.0497,48.6083],[2.04667,48.6071],[2.03817,48.60563],[2.03336,48.60543],[2.03407,48.60403],[2.03384,48.60064],[2.03299,48.5982],[2.03139,48.59403],[2.0357,48.59366],[2.03614,48.59126],[2.03574,48.58887],[2.03311,48.58803],[2.03125,48.58658],[2.02928,48.58586],[2.0305,48.58469],[2.02939,48.58342],[2.02265,48.57997],[2.02273,48.57876],[2.0216,48.5772],[2.02296,48.5762],[2.02065,48.57361],[2.01833,48.57041],[2.01623,48.56931],[2.01594,48.56806],[2.01742,48.56771],[2.01636,48.56499],[2.01699,48.55769],[2.01055,48.55642],[2.00947,48.5566],[2.00492,48.55538],[2.00089,48.55561],[1.99833,48.55537],[1.9963,48.55712],[1.99505,48.55729],[1.99031,48.55597],[1.98858,48.55705],[1.98527,48.55823],[1.98284,48.55816],[1.98172,48.55526],[1.97857,48.55373],[1.97615,48.55517],[1.97154,48.55904],[1.96825,48.56023],[1.96467,48.5607],[1.9629,48.56054],[1.96094,48.56017],[1.95148,48.55932],[1.94985,48.55968],[1.9483,48.56103],[1.94635,48.56102],[1.93785,48.56292],[1.93626,48.56126],[1.93692,48.5577],[1.93662,48.55505],[1.93436,48.54867],[1.93457,48.54717],[1.9368,48.54591],[1.93961,48.54572],[1.94187,48.54448],[1.94132,48.54262],[1.94624,48.54208],[1.94865,48.54356],[1.94958,48.54261],[1.94934,48.54099],[1.95113,48.5407],[1.95397,48.53862],[1.9545,48.53776],[1.95711,48.5372],[1.96098,48.53509],[1.96274,48.53496],[1.96719,48.53322],[1.96915,48.53204],[1.96916,48.53522],[1.96691,48.53662],[1.96754,48.53715],[1.97182,48.5379],[1.97641,48.53584],[1.97851,48.53305],[1.97686,48.53062],[1.97825,48.52884],[1.97863,48.52602],[1.97616,48.52532],[1.97485,48.52696],[1.97033,48.52607],[1.96769,48.52626],[1.9685,48.52825],[1.967,48.5286],[1.96304,48.52867],[1.96129,48.52688],[1.95736,48.52511],[1.95729,48.52361],[1.95599,48.52268],[1.9529,48.52349],[1.95332,48.52161],[1.95196,48.52024],[1.94849,48.51945],[1.94571,48.51771],[1.9457,48.51627],[1.94738,48.51405],[1.94401,48.51298],[1.94529,48.51125],[1.94664,48.51054],[1.94048,48.50661],[1.93643,48.50053],[1.93411,48.49593],[1.93304,48.49231],[1.93268,48.48982],[1.93455,48.48904],[1.93275,48.48565],[1.93331,48.48338],[1.93293,48.48141],[1.9304,48.48111],[1.93,48.48022],[1.92733,48.48097],[1.92508,48.4808],[1.92059,48.47698],[1.91512,48.47366],[1.91595,48.47273],[1.91453,48.46916],[1.91791,48.4687],[1.91635,48.46489],[1.91612,48.46319],[1.91853,48.46219],[1.91807,48.46073],[1.92279,48.46001],[1.92202,48.45771],[1.92313,48.45331],[1.92095,48.44795],[1.91186,48.44785],[1.9116,48.4454],[1.90699,48.44529],[1.90646,48.43976],[1.90443,48.44001],[1.90433,48.43856],[1.90153,48.4388],[1.90125,48.43944],[1.89681,48.43924],[1.89278,48.44038],[1.88767,48.43967],[1.88419,48.44015],[1.87976,48.44086],[1.87881,48.44095],[1.87079,48.43983],[1.86941,48.44113],[1.86729,48.44186],[1.86429,48.4422],[1.86389,48.44451],[1.86105,48.44434],[1.86075,48.44564],[1.85764,48.4455],[1.85748,48.44684],[1.84488,48.44625],[1.846,48.44725],[1.84566,48.44955],[1.84473,48.44951],[1.84437,48.45201],[1.83974,48.45233],[1.83939,48.45811],[1.83553,48.46363],[1.83673,48.46709],[1.83243,48.46749],[1.82355,48.46629],[1.82018,48.46557],[1.81181,48.46631],[1.81053,48.46611],[1.80743,48.46584],[1.80129,48.46602],[1.8032,48.4692],[1.80101,48.4716],[1.80334,48.47252],[1.79908,48.47532],[1.79507,48.47748],[1.79402,48.47935],[1.79129,48.48113],[1.79499,48.48327],[1.79655,48.48461],[1.79466,48.48608],[1.7914,48.48703],[1.79208,48.48802],[1.78992,48.48891],[1.7854,48.49013],[1.78675,48.49197],[1.78886,48.49382],[1.79048,48.49709],[1.78869,48.49739],[1.78902,48.50015],[1.78289,48.50026],[1.78152,48.50492],[1.78042,48.50664],[1.78025,48.50926],[1.77711,48.50883],[1.77559,48.5139],[1.77637,48.51576],[1.77834,48.51772],[1.77702,48.52257],[1.77595,48.52517],[1.77555,48.52768],[1.77907,48.53598],[1.78177,48.53952],[1.78148,48.54069],[1.78389,48.54479],[1.78335,48.54642],[1.78559,48.5488],[1.78593,48.55048],[1.78754,48.55382],[1.77797,48.55264],[1.77873,48.55357],[1.7772,48.55513],[1.77333,48.55686],[1.76883,48.55845],[1.76616,48.56115],[1.76479,48.56301],[1.76281,48.5647],[1.76347,48.56722],[1.76211,48.56759],[1.76532,48.56936],[1.76165,48.57184],[1.75909,48.57319],[1.75745,48.57509],[1.75329,48.57463],[1.74831,48.57564],[1.74599,48.57606],[1.74356,48.57252],[1.74264,48.57341],[1.73669,48.57237],[1.73207,48.57548],[1.73091,48.57524],[1.727,48.5726],[1.71808,48.57621],[1.70925,48.57802],[1.71001,48.58151],[1.70447,48.58407],[1.70185,48.58505],[1.70533,48.58915],[1.70662,48.59196],[1.70903,48.59525],[1.71051,48.59639],[1.7129,48.59734],[1.71481,48.59918],[1.71363,48.59976],[1.71883,48.60575],[1.71814,48.60719],[1.71722,48.60756],[1.71855,48.61004],[1.71679,48.61109],[1.71497,48.61467],[1.70483,48.61283],[1.70362,48.61183],[1.70124,48.61264],[1.69894,48.61221],[1.69256,48.61465],[1.69098,48.6142],[1.68922,48.61154],[1.68681,48.61124],[1.68362,48.614],[1.68234,48.61563],[1.6907,48.61691],[1.69092,48.61714],[1.68656,48.61915],[1.68581,48.62032],[1.6835,48.61932],[1.68245,48.61978],[1.68017,48.61814],[1.67888,48.61878],[1.67636,48.61729],[1.67445,48.61466],[1.67248,48.61494],[1.67183,48.61587],[1.66975,48.61672],[1.6674,48.61698],[1.66702,48.61574],[1.66761,48.61407],[1.66653,48.61347],[1.66355,48.61687],[1.66047,48.61885],[1.6572,48.62166],[1.655,48.62258],[1.65722,48.62523],[1.65834,48.62789],[1.65663,48.62902],[1.65744,48.62984],[1.64932,48.63229],[1.649,48.63475],[1.65024,48.6373],[1.65123,48.63821],[1.64583,48.63993],[1.64444,48.6413],[1.6421,48.64261],[1.63996,48.64465],[1.63845,48.64519],[1.6416,48.64731],[1.64376,48.64812],[1.64284,48.64972],[1.64314,48.65128],[1.63874,48.65072],[1.63512,48.64918],[1.63054,48.64906],[1.62712,48.65068],[1.62588,48.64945],[1.62285,48.65106],[1.62131,48.64967],[1.62016,48.65056],[1.61597,48.65262],[1.61268,48.65472],[1.61023,48.65784],[1.60767,48.65986],[1.60331,48.66249],[1.60265,48.66331],[1.60253,48.66502],[1.60146,48.66539],[1.60112,48.66837],[1.608,48.67252],[1.60683,48.67395],[1.60429,48.6754],[1.60546,48.67627],[1.60609,48.67894],[1.61016,48.68415],[1.61134,48.6884],[1.61185,48.68929],[1.60553,48.68929],[1.60306,48.69052],[1.59755,48.69265],[1.59428,48.69514],[1.59111,48.69275],[1.58674,48.69511],[1.58231,48.69635],[1.58516,48.69938],[1.58271,48.70016],[1.57903,48.70209],[1.57823,48.70294],[1.58654,48.70559],[1.58848,48.70654],[1.59397,48.70852],[1.59471,48.70915],[1.59304,48.70996],[1.59195,48.7087],[1.58706,48.71028],[1.58966,48.71289],[1.59474,48.71682],[1.59452,48.718],[1.59687,48.72116],[1.60105,48.72066],[1.60174,48.72122],[1.60433,48.72529],[1.60999,48.72889],[1.61091,48.73044],[1.61613,48.73636],[1.62057,48.73609],[1.62221,48.73892],[1.62329,48.74004],[1.62357,48.74131],[1.62169,48.74184],[1.6236,48.74391],[1.62675,48.7481],[1.62508,48.74897],[1.62071,48.75146],[1.61737,48.75305],[1.61207,48.75668],[1.60998,48.75768],[1.60842,48.76073],[1.60571,48.76028],[1.59969,48.76053],[1.58924,48.76161],[1.582,48.7619],[1.58478,48.76341],[1.58149,48.76553],[1.58292,48.76764],[1.58789,48.77375],[1.58309,48.7759],[1.58447,48.77728],[1.58111,48.77755],[1.58009,48.77831],[1.58145,48.78011],[1.57788,48.78131],[1.57674,48.78297],[1.57771,48.78374],[1.57635,48.78487],[1.57623,48.78715],[1.57695,48.78922],[1.5754,48.79088],[1.58093,48.79351],[1.57765,48.79506],[1.57928,48.7966],[1.57832,48.79857],[1.58003,48.80008],[1.5781,48.80212],[1.57907,48.80314],[1.5773,48.80494],[1.58075,48.80585],[1.58182,48.80524],[1.58384,48.80726],[1.58007,48.8089],[1.57894,48.80905],[1.5808,48.81057],[1.58341,48.81055],[1.58553,48.81198],[1.59156,48.815],[1.59037,48.81742],[1.58953,48.81941],[1.58687,48.82312],[1.58367,48.82677],[1.57896,48.8297],[1.58442,48.83255],[1.59349,48.83405],[1.5947,48.83633],[1.5981,48.83889],[1.59283,48.84007],[1.59341,48.84109],[1.58678,48.84332],[1.58305,48.84414],[1.57735,48.84462],[1.57801,48.84844],[1.57984,48.85068],[1.58092,48.85345],[1.58384,48.85887],[1.58422,48.86036],[1.58039,48.86106],[1.57822,48.86074],[1.57462,48.86286],[1.57179,48.86402],[1.56815,48.86591],[1.56496,48.86632],[1.56126,48.86743],[1.55987,48.86657],[1.55897,48.86381],[1.55518,48.86492],[1.55381,48.86681],[1.55094,48.86855],[1.54596,48.87237],[1.54872,48.87586],[1.55136,48.87505],[1.55317,48.87747],[1.55459,48.88015],[1.55575,48.87979],[1.5566,48.88212],[1.55947,48.88184],[1.56126,48.88596],[1.56214,48.8871],[1.56079,48.88774],[1.56343,48.89049],[1.55714,48.89176],[1.55573,48.8923],[1.55592,48.89341],[1.55344,48.89347],[1.55363,48.89513],[1.55109,48.89574],[1.55142,48.89691],[1.54948,48.89754],[1.55015,48.8985],[1.54664,48.89998],[1.54604,48.90127],[1.54412,48.90115],[1.54198,48.9038],[1.54078,48.90359],[1.5399,48.90533],[1.5383,48.9067],[1.53815,48.90854],[1.5413,48.90843],[1.54348,48.90945],[1.54524,48.91086],[1.5452,48.91303],[1.54266,48.91455],[1.54169,48.91578],[1.5404,48.91851],[1.53841,48.92255],[1.53535,48.92261],[1.53213,48.92335],[1.52908,48.92469],[1.52851,48.92428],[1.524,48.92492],[1.51851,48.9253],[1.51434,48.9219],[1.51125,48.92352],[1.50918,48.9253],[1.50734,48.92757],[1.50711,48.9292],[1.50847,48.931],[1.51117,48.93201],[1.51182,48.93499],[1.5014,48.94103],[1.51088,48.95359],[1.50577,48.95391],[1.50548,48.95231],[1.50298,48.95207],[1.50106,48.95268],[1.49519,48.95682],[1.49901,48.95684],[1.4988,48.96028],[1.49686,48.96222],[1.49183,48.96463],[1.49324,48.96567],[1.49664,48.96947],[1.50541,48.97255],[1.50504,48.97309],[1.51144,48.97549],[1.51522,48.97653],[1.51827,48.9784],[1.51242,48.97866],[1.5079,48.98386],[1.50452,48.98223],[1.50051,48.98113],[1.49779,48.9797],[1.49843,48.97908],[1.49159,48.97915],[1.48886,48.97959],[1.48423,48.97978],[1.48133,48.97847],[1.4787,48.98068],[1.47526,48.97948],[1.4776,48.97699],[1.47098,48.97495],[1.46745,48.97983],[1.46676,48.98294],[1.46518,48.98484],[1.46271,48.98483],[1.46104,48.98674],[1.4615,48.98896],[1.47174,48.98972],[1.4713,48.99119],[1.46907,48.99322],[1.47067,48.994],[1.47414,48.99779],[1.47697,48.99726],[1.47875,48.99873],[1.47808,48.99931],[1.48067,49.00104],[1.47993,49.00421],[1.48033,49.00515],[1.48001,49.00725],[1.47388,49.00966],[1.47775,49.0139],[1.4764,49.01548],[1.47701,49.01682],[1.47158,49.01861],[1.4695,49.01936],[1.46573,49.02147],[1.46098,49.02373],[1.45799,49.02597],[1.45744,49.03046],[1.45824,49.03454],[1.45613,49.03676],[1.45403,49.03829],[1.4463,49.04633],[1.45016,49.04797],[1.45277,49.05037],[1.44729,49.0535],[1.45581,49.05729],[1.45729,49.05769],[1.45742,49.05927],[1.46179,49.06397],[1.46458,49.06222],[1.46484,49.06088],[1.46674,49.05988],[1.4693,49.05951],[1.47195,49.05808],[1.47413,49.05458],[1.47881,49.05217],[1.48287,49.05232],[1.48547,49.05147],[1.4871,49.05159],[1.4878,49.05333],[1.49341,49.05686],[1.49711,49.05842],[1.5004,49.05853],[1.50293,49.0593],[1.50479,49.06045],[1.50773,49.06434],[1.50965,49.06628],[1.51001,49.06818],[1.50933,49.06987],[1.51134,49.0739],[1.51256,49.07549],[1.51427,49.07938],[1.51252,49.08159],[1.5106,49.08212],[1.50918,49.08342],[1.50666,49.08413],[1.50793,49.08541],[1.50985,49.08424],[1.5125,49.08385],[1.51785,49.07917],[1.51831,49.0778],[1.51668,49.07614],[1.51986,49.07111],[1.52135,49.06835],[1.52302,49.06821],[1.52594,49.0698],[1.52973,49.07046],[1.53122,49.06994],[1.53275,49.07185],[1.53416,49.07102],[1.53689,49.07247],[1.53829,49.07239],[1.54166,49.07374],[1.5425,49.07254],[1.54656,49.0723],[1.55037,49.07256],[1.55281,49.0712],[1.55318,49.07044],[1.5565,49.06995],[1.5579,49.06911],[1.56135,49.07019],[1.56217,49.07109],[1.56491,49.07144],[1.56693,49.07295],[1.56884,49.07298],[1.5705,49.07485],[1.56976,49.07589],[1.57187,49.07673],[1.57287,49.07806],[1.57757,49.07881],[1.5801,49.07867],[1.58063,49.0796],[1.58536,49.08029],[1.58767,49.08112],[1.59046,49.08141],[1.59186,49.08262],[1.59417,49.08269],[1.598,49.084],[1.59996,49.08402],[1.60503,49.08517],[1.60704,49.08411],[1.60351,49.08332],[1.60532,49.08105],[1.60875,49.07771],[1.61083,49.07542],[1.60985,49.07472],[1.6128,49.07308],[1.61442,49.07119],[1.62013,49.07383],[1.62714,49.07733],[1.6295,49.07827],[1.63376,49.07919],[1.64033,49.07904],[1.64019,49.08036],[1.64404,49.08155],[1.64575,49.08146],[1.64877,49.08129],[1.65269,49.08191],[1.66014,49.081],[1.66187,49.08002],[1.66705,49.07893],[1.66927,49.07909],[1.67238,49.07854],[1.67549,49.07705],[1.67966,49.07566],[1.68394,49.07332],[1.68748,49.07186],[1.69013,49.07083],[1.69304,49.06919],[1.69699,49.06595],[1.69729,49.06484],[1.69603,49.06283],[1.69589,49.06001],[1.69356,49.05681],[1.70095,49.0538],[1.70621,49.05228],[1.70768,49.05222],[1.71405,49.04746],[1.71673,49.04908],[1.72293,49.04473],[1.73186,49.05051],[1.73549,49.04874],[1.74579,49.04753],[1.74779,49.04792],[1.75119,49.04797],[1.74956,49.05355],[1.75273,49.0562],[1.75749,49.05799],[1.75349,49.06009],[1.75926,49.06309],[1.75991,49.06351],[1.76443,49.05929],[1.76671,49.05928],[1.76741,49.05789],[1.77073,49.05765],[1.77324,49.05703],[1.77504,49.05765],[1.77946,49.05663],[1.78364,49.05673],[1.78575,49.05768],[1.78929,49.0579],[1.79093,49.05779],[1.79435,49.05856],[1.79263,49.06067],[1.79727,49.06242],[1.79508,49.06337],[1.79996,49.06433],[1.79961,49.06669],[1.79856,49.06669],[1.79682,49.07207],[1.80418,49.07382],[1.80549,49.07332],[1.81092,49.07315],[1.81438,49.0753],[1.81521,49.07643],[1.82343,49.0763],[1.82848,49.07627],[1.83217,49.07424],[1.83507,49.07322],[1.8391,49.06977],[1.84057,49.06934],[1.84135,49.0653],[1.84092,49.0646],[1.84427,49.06324],[1.84636,49.06124],[1.84737,49.06204],[1.85045,49.06216],[1.85155,49.06284],[1.85445,49.06211],[1.85844,49.06001],[1.86241,49.05922],[1.86506,49.05749],[1.86122,49.04915],[1.85909,49.04157],[1.85786,49.04048],[1.85515,49.03663],[1.8553,49.03507],[1.85186,49.03537],[1.85108,49.03329],[1.855,49.03254],[1.8588,49.0324],[1.85982,49.02743],[1.85927,49.02383],[1.86236,49.02318],[1.86517,49.02172],[1.86289,49.02071],[1.86143,49.0184],[1.86016,49.01725],[1.86052,49.01533],[1.85928,49.01384],[1.86138,49.01401],[1.86684,49.01632],[1.87054,49.01954],[1.87374,49.01784],[1.87564,49.01742],[1.87755,49.01937],[1.87986,49.01999],[1.88174,49.01973],[1.88172,49.02606],[1.88227,49.02823],[1.88457,49.03105],[1.88328,49.03371],[1.88699,49.03541],[1.89417,49.03729],[1.89114,49.03931],[1.90176,49.04221],[1.90082,49.04335],[1.90659,49.04611],[1.90572,49.04716],[1.90846,49.04818],[1.9119,49.04644],[1.91413,49.04578],[1.91232,49.04147],[1.91649,49.03961],[1.91837,49.03796],[1.918,49.03744],[1.92233,49.03505],[1.9235,49.03504],[1.92669,49.03221],[1.93445,49.02572],[1.93488,49.02483],[1.93789,49.02189],[1.94262,49.02399],[1.94446,49.02379],[1.94539,49.0257],[1.94644,49.02648],[1.94847,49.0265],[1.94952,49.02429],[1.9549,49.02472],[1.95542,49.0229],[1.95673,49.02182],[1.96135,49.02314],[1.96406,49.02539],[1.96685,49.02258],[1.97252,49.02057],[1.97413,49.01948],[1.97883,49.01898],[1.98268,49.01924],[1.99219,49.02105],[1.99621,49.01739],[2.00452,49.01019],[2.00728,49.00836],[2.01198,49.0046],[2.01187,49.00359],[2.01329,49.00127],[2.02072,48.9992],[2.02365,48.99795],[2.02605,48.99984],[2.02589,49.00041],[2.02862,49.00166],[2.03662,49.00169],[2.04146,49.00138],[2.04279,49.00059],[2.04938,49.00257],[2.05105,49.00381],[2.05463,49.00514],[2.05696,49.00538],[2.06413,49.00846],[2.06754,49.00622],[2.07009,49.00386],[2.07171,49.0014],[2.07529,49.0021],[2.07482,49.00656],[2.0784,49.00746],[2.08266,49.00945],[2.08486,49.01455],[2.09931,49.01092],[2.10545,49.00956],[2.11023,49.00874],[2.11059,49.01035],[2.1132,49.01212],[2.12099,49.0181],[2.12125,49.01833],[2.1267,49.0122],[2.12712,49.00967],[2.12356,49.00369],[2.12105,48.99548],[2.12071,48.9933],[2.12401,48.99359],[2.12364,48.99166],[2.127,48.98924]]]},"properties":{"dep":"78","code":"78","nom":"78"}},{"type":"Feature","geometry":{"type":"Polygon","coordinates":[[[2.18155,48.31345],[2.1807,48.31164],[2.17162,48.31605],[2.17101,48.31526],[2.16918,48.31275],[2.16168,48.31413],[2.15489,48.3151],[2.15441,48.31611],[2.15207,48.3161],[2.15174,48.3141],[2.15364,48.30834],[2.15561,48.30406],[2.16087,48.3047],[2.16191,48.30262],[2.16389,48.29838],[2.16179,48.29843],[2.15364,48.29922],[2.14585,48.29935],[2.13517,48.29918],[2.12811,48.29863],[2.1207,48.29775],[2.11039,48.29701],[2.11343,48.3066],[2.11345,48.3073],[2.1099,48.30731],[2.1054,48.3077],[2.10131,48.30607],[2.09926,48.3047],[2.09888,48.30287],[2.09635,48.30138],[2.09207,48.29985],[2.08946,48.2977],[2.08943,48.29478],[2.08276,48.29385],[2.07811,48.29377],[2.06948,48.29422],[2.06702,48.29418],[2.05816,48.29474],[2.05266,48.29543],[2.05204,48.29461],[2.05182,48.29035],[2.05114,48.29009],[2.04858,48.28926],[2.04348,48.28648],[2.04079,48.28456],[2.03906,48.2859],[2.03683,48.28669],[2.03765,48.2883],[2.03434,48.28809],[2.02486,48.2892],[2.0242,48.28775],[2.0204,48.28785],[2.02013,48.2863],[2.01164,48.28581],[2.01142,48.28492],[2.00762,48.28549],[2.00469,48.28495],[2.00464,48.28698],[2.00285,48.28625],[1.99377,48.28678],[1.99008,48.28767],[1.99009,48.28671],[1.98131,48.28829],[1.98062,48.28702],[1.97468,48.28734],[1.9748,48.28822],[1.97225,48.28822],[1.97418,48.29286],[1.98037,48.29245],[1.98219,48.29517],[1.97932,48.2959],[1.97565,48.29599],[1.97384,48.29321],[1.97124,48.29324],[1.97264,48.2967],[1.97085,48.29693],[1.96524,48.2955],[1.96383,48.29781],[1.96273,48.30174],[1.96208,48.30279],[1.96132,48.30493],[1.96237,48.30548],[1.95883,48.30662],[1.95984,48.3076],[1.9592,48.30869],[1.96573,48.31216],[1.96977,48.31386],[1.96949,48.31423],[1.97349,48.31595],[1.97455,48.31433],[1.97424,48.31283],[1.97898,48.31287],[1.97857,48.31385],[1.97909,48.31863],[1.98077,48.31873],[1.97426,48.32332],[1.97868,48.32628],[1.98237,48.32847],[1.97047,48.33904],[1.96848,48.34142],[1.97079,48.3424],[1.96986,48.3431],[1.97493,48.34474],[1.97398,48.34709],[1.97482,48.34723],[1.97406,48.35114],[1.97278,48.35408],[1.97283,48.35592],[1.97488,48.35655],[1.97659,48.35801],[1.98101,48.35986],[1.98495,48.36102],[1.98917,48.3636],[1.9875,48.36402],[1.98546,48.3643],[1.98399,48.36569],[1.98244,48.36883],[1.97755,48.36883],[1.98019,48.37026],[1.97956,48.3723],[1.98112,48.3725],[1.98181,48.37473],[1.97987,48.3747],[1.97956,48.37608],[1.98001,48.37844],[1.97759,48.37864],[1.97719,48.37992],[1.97082,48.38065],[1.96665,48.38064],[1.96766,48.38174],[1.96843,48.38422],[1.96974,48.38411],[1.97258,48.38901],[1.97401,48.39005],[1.97281,48.39387],[1.97333,48.39569],[1.97722,48.39957],[1.97819,48.40183],[1.97331,48.40136],[1.96763,48.40261],[1.96577,48.40344],[1.96216,48.40438],[1.9522,48.40631],[1.94755,48.40637],[1.94351,48.40613],[1.94022,48.40511],[1.93618,48.40453],[1.93209,48.4034],[1.93029,48.40403],[1.92833,48.40614],[1.93274,48.41089],[1.92582,48.41279],[1.92747,48.41658],[1.93212,48.41646],[1.93218,48.42049],[1.93974,48.41982],[1.94072,48.42578],[1.93783,48.42638],[1.93684,48.4279],[1.9388,48.42875],[1.93699,48.43026],[1.93697,48.43128],[1.93896,48.43211],[1.93946,48.43422],[1.93631,48.43455],[1.94287,48.44114],[1.94016,48.44186],[1.93833,48.44183],[1.9357,48.44101],[1.93299,48.44216],[1.93459,48.44377],[1.93155,48.44481],[1.93259,48.44936],[1.92848,48.45108],[1.93043,48.45357],[1.92767,48.45448],[1.9295,48.45713],[1.92202,48.45771],[1.92279,48.46001],[1.91807,48.46073],[1.91853,48.46219],[1.91612,48.46319],[1.91635,48.46489],[1.91791,48.4687],[1.91453,48.46916],[1.91595,48.47273],[1.91512,48.47366],[1.92059,48.47698],[1.92508,48.4808],[1.92733,48.48097],[1.93,48.48022],[1.9304,48.48111],[1.93293,48.48141],[1.93331,48.48338],[1.93275,48.48565],[1.93455,48.48904],[1.93268,48.48982],[1.93304,48.49231],[1.93411,48.49593],[1.93643,48.50053],[1.94048,48.50661],[1.94664,48.51054],[1.94529,48.51125],[1.94401,48.51298],[1.94738,48.51405],[1.9457,48.51627],[1.94571,48.51771],[1.94849,48.51945],[1.95196,48.52024],[1.95332,48.52161],[1.9529,48.52349],[1.95599,48.52268],[1.95729,48.52361],[1.95736,48.52511],[1.96129,48.52688],[1.96304,48.52867],[1.967,48.5286],[1.9685,48.52825],[1.96769,48.52626],[1.97033,48.52607],[1.97485,48.52696],[1.97616,48.52532],[1.97863,48.52602],[1.97825,48.52884],[1.97686,48.53062],[1.97851,48.53305],[1.97641,48.53584],[1.97182,48.5379],[1.96754,48.53715],[1.96691,48.53662],[1.96916,48.53522],[1.96915,48.53204],[1.96719,48.53322],[1.96274,48.53496],[1.96098,48.53509],[1.95711,48.5372],[1.9545,48.53776],[1.95397,48.53862],[1.95113,48.5407],[1.94934,48.54099],[1.94958,48.54261],[1.94865,48.54356],[1.94624,48.54208],[1.94132,48.54262],[1.94187,48.54448],[1.93961,48.54572],[1.9368,48.54591],[1.93457,48.54717],[1.93436,48.54867],[1.93662,48.55505],[1.93692,48.5577],[1.93626,48.56126],[1.93785,48.56292],[1.94635,48.56102],[1.9483,48.56103],[1.94985,48.55968],[1.95148,48.55932],[1.96094,48.56017],[1.9629,48.56054],[1.96467,48.5607],[1.96825,48.56023],[1.97154,48.55904],[1.97615,48.55517],[1.97857,48.55373],[1.98172,48.55526],[1.98284,48.55816],[1.98527,48.55823],[1.98858,48.55705],[1.99031,48.55597],[1.99505,48.55729],[1.9963,48.55712],[1.99833,48.55537],[2.00089,48.55561],[2.00492,48.55538],[2.00947,48.5566],[2.01055,48.55642],[2.01699,48.55769],[2.01636,48.56499],[2.01742,48.56771],[2.01594,48.56806],[2.01623,48.56931],[2.01833,48.57041],[2.02065,48.57361],[2.02296,48.5762],[2.0216,48.5772],[2.02273,48.57876],[2.02265,48.57997],[2.02939,48.58342],[2.0305,48.58469],[2.02928,48.58586],[2.03125,48.58658],[2.03311,48.58803],[2.03574,48.58887],[2.03614,48.59126],[2.0357,48.59366],[2.03139,48.59403],[2.03299,48.5982],[2.03384,48.60064],[2.03407,48.60403],[2.03336,48.60543],[2.03817,48.60563],[2.04667,48.6071],[2.0497,48.6083],[2.05175,48.60753],[2.05484,48.60785],[2.05395,48.61241],[2.05542,48.61222],[2.0571,48.61107],[2.05766,48.61345],[2.0605,48.61526],[2.06057,48.61751],[2.05409,48.61778],[2.05393,48.62063],[2.04896,48.62148],[2.04694,48.62147],[2.04589,48.62241],[2.04605,48.62487],[2.04249,48.6253],[2.04261,48.62638],[2.04154,48.62691],[2.04045,48.62754],[2.04031,48.63098],[2.03796,48.63087],[2.03551,48.63214],[2.03695,48.63318],[2.03524,48.63546],[2.03511,48.63726],[2.03612,48.63898],[2.03822,48.64095],[2.03713,48.64185],[2.03355,48.64184],[2.03112,48.6427],[2.02913,48.64244],[2.02038,48.64217],[2.01649,48.64105],[2.01911,48.64511],[2.01631,48.64635],[2.01499,48.64748],[2.01,48.64844],[2.01189,48.6514],[2.01168,48.6537],[2.01123,48.65679],[2.01165,48.65989],[2.01675,48.65911],[2.02115,48.65764],[2.02219,48.65878],[2.025,48.65761],[2.02825,48.65722],[2.02901,48.66402],[2.03201,48.66955],[2.03351,48.67395],[2.03388,48.67998],[2.03746,48.67961],[2.03764,48.68022],[2.04256,48.68008],[2.04383,48.68199],[2.04228,48.68249],[2.04432,48.68566],[2.04561,48.68573],[2.04566,48.68748],[2.0509,48.68754],[2.05497,48.68684],[2.05549,48.68643],[2.06117,48.68652],[2.0617,48.6874],[2.06647,48.68695],[2.06419,48.68944],[2.06735,48.68896],[2.0695,48.69001],[2.07256,48.68823],[2.07633,48.68781],[2.07926,48.68512],[2.082,48.68554],[2.08409,48.68914],[2.08792,48.69311],[2.08553,48.69457],[2.08647,48.69655],[2.08793,48.69712],[2.08926,48.69855],[2.09099,48.69713],[2.09393,48.69663],[2.09425,48.69484],[2.09712,48.69426],[2.09683,48.69745],[2.09827,48.69972],[2.09598,48.70027],[2.09694,48.70284],[2.0999,48.70247],[2.10077,48.70288],[2.10241,48.70551],[2.11034,48.71472],[2.10978,48.71591],[2.10762,48.71776],[2.10625,48.71889],[2.10609,48.71942],[2.11229,48.7228],[2.11182,48.72394],[2.1099,48.72548],[2.10856,48.72768],[2.10679,48.72881],[2.10303,48.73026],[2.10228,48.73144],[2.10367,48.73291],[2.10155,48.7331],[2.09803,48.73469],[2.10269,48.73775],[2.10464,48.73814],[2.11102,48.73988],[2.1136,48.73948],[2.11635,48.73963],[2.11628,48.74093],[2.11961,48.74232],[2.12548,48.74],[2.12605,48.73759],[2.13491,48.73753],[2.1377,48.74073],[2.14004,48.74208],[2.13884,48.74324],[2.13666,48.74555],[2.13707,48.74642],[2.14106,48.7461],[2.14102,48.74697],[2.14262,48.74924],[2.14662,48.7509],[2.15033,48.75276],[2.15135,48.75458],[2.15611,48.75174],[2.16124,48.75013],[2.16695,48.75606],[2.16815,48.75668],[2.17221,48.75667],[2.18087,48.75893],[2.18621,48.75398],[2.18955,48.75434],[2.19089,48.75531],[2.19014,48.7568],[2.19195,48.75818],[2.19303,48.76025],[2.19096,48.76055],[2.19304,48.76359],[2.19314,48.76467],[2.19161,48.76662],[2.19162,48.76874],[2.19059,48.77111],[2.18642,48.7725],[2.19073,48.77503],[2.20015,48.7758],[2.20112,48.77573],[2.20067,48.77211],[2.20301,48.77146],[2.2055,48.76974],[2.20689,48.77002],[2.20956,48.76948],[2.21202,48.77161],[2.21806,48.77141],[2.22098,48.77089],[2.22387,48.77125],[2.22513,48.77013],[2.22914,48.77047],[2.22765,48.77222],[2.22655,48.7761],[2.22707,48.77614],[2.22727,48.77598],[2.22785,48.77565],[2.2281,48.77537],[2.2283,48.77496],[2.22864,48.77468],[2.22868,48.77451],[2.22884,48.77447],[2.22911,48.77443],[2.22984,48.77418],[2.23021,48.77408],[2.23044,48.77395],[2.23068,48.77365],[2.23074,48.77337],[2.23072,48.77316],[2.23059,48.77281],[2.23043,48.77228],[2.23041,48.77194],[2.23049,48.77151],[2.23056,48.77136],[2.23076,48.7712],[2.23148,48.77112],[2.23179,48.77102],[2.23202,48.77086],[2.23229,48.77049],[2.23263,48.77019],[2.23282,48.76993],[2.23291,48.76964],[2.23306,48.76938],[2.23312,48.76912],[2.23302,48.76895],[2.23293,48.76854],[2.23272,48.76799],[2.23272,48.76765],[2.23282,48.76627],[2.2326,48.76603],[2.23285,48.76599],[2.23297,48.76619],[2.23733,48.7664],[2.2377,48.76644],[2.23859,48.76647],[2.23999,48.76472],[2.2407,48.76377],[2.24093,48.76372],[2.2437,48.76304],[2.24524,48.76263],[2.247,48.76084],[2.24701,48.76082],[2.24933,48.76185],[2.25018,48.76147],[2.25028,48.76132],[2.25136,48.76077],[2.25164,48.76074],[2.25193,48.7608],[2.25315,48.76109],[2.25446,48.76114],[2.25501,48.76139],[2.25559,48.76136],[2.25632,48.76127],[2.25682,48.76129],[2.25771,48.76121],[2.25837,48.76117],[2.25939,48.76101],[2.26062,48.76049],[2.262,48.75979],[2.26237,48.76008],[2.26454,48.76126],[2.26493,48.76145],[2.2669,48.76218],[2.26717,48.76232],[2.2673,48.76232],[2.268,48.76221],[2.26888,48.76203],[2.26898,48.76196],[2.26898,48.7618],[2.2687,48.76091],[2.26868,48.7607],[2.27074,48.76071],[2.27092,48.7607],[2.27089,48.76056],[2.27039,48.75939],[2.26977,48.75819],[2.26943,48.75765],[2.26983,48.75774],[2.27062,48.75784],[2.27088,48.75785],[2.27142,48.75778],[2.27297,48.7574],[2.27401,48.75716],[2.27532,48.75689],[2.2758,48.75675],[2.27612,48.75662],[2.27538,48.75569],[2.275,48.75525],[2.27506,48.75517],[2.27541,48.75495],[2.27569,48.7547],[2.27603,48.75451],[2.27676,48.7542],[2.2774,48.75401],[2.27728,48.75383],[2.27745,48.75379],[2.27823,48.75356],[2.2786,48.75343],[2.27964,48.75301],[2.28002,48.75266],[2.28046,48.75231],[2.28103,48.75161],[2.28099,48.75155],[2.28143,48.75106],[2.28208,48.75076],[2.28198,48.75051],[2.28241,48.74986],[2.28273,48.74961],[2.283,48.74949],[2.28318,48.74928],[2.28342,48.74918],[2.28363,48.74903],[2.28396,48.74865],[2.2846,48.74818],[2.28482,48.74797],[2.28536,48.74751],[2.28496,48.74713],[2.28412,48.74616],[2.28446,48.74593],[2.28483,48.74564],[2.28436,48.74541],[2.28389,48.74516],[2.28356,48.74505],[2.28336,48.74489],[2.28304,48.74487],[2.28281,48.74465],[2.28239,48.74461],[2.2823,48.74443],[2.28188,48.74428],[2.28152,48.74403],[2.28143,48.74384],[2.28113,48.7438],[2.28111,48.74369],[2.28082,48.74367],[2.28048,48.74358],[2.28021,48.74337],[2.27997,48.74314],[2.27973,48.7432],[2.27967,48.74303],[2.27936,48.74298],[2.27939,48.74273],[2.27912,48.74277],[2.27908,48.7427],[2.27877,48.74258],[2.27875,48.74238],[2.27848,48.74238],[2.27822,48.7423],[2.27799,48.74213],[2.27743,48.74187],[2.27734,48.74175],[2.27704,48.7417],[2.27687,48.74161],[2.27642,48.74098],[2.27623,48.74077],[2.27599,48.74068],[2.27578,48.74068],[2.27513,48.74085],[2.27455,48.7407],[2.27482,48.74009],[2.2751,48.73993],[2.27538,48.73959],[2.27535,48.7394],[2.27518,48.73906],[2.27536,48.73843],[2.27586,48.73768],[2.27611,48.73734],[2.27677,48.73636],[2.2773,48.7355],[2.2778,48.73489],[2.27811,48.7346],[2.27863,48.73425],[2.27893,48.73392],[2.27905,48.73369],[2.27928,48.73337],[2.27975,48.73285],[2.27988,48.73275],[2.28021,48.73298],[2.28072,48.73331],[2.28127,48.73357],[2.28214,48.73385],[2.2832,48.7341],[2.2854,48.73464],[2.28813,48.73517],[2.28964,48.73555],[2.29018,48.73574],[2.29101,48.73599],[2.29177,48.73623],[2.29322,48.73667],[2.29398,48.73692],[2.29537,48.73755],[2.29593,48.73771],[2.29733,48.73817],[2.29813,48.73852],[2.29855,48.73872],[2.29965,48.73919],[2.30052,48.73963],[2.30121,48.74006],[2.3017,48.7403],[2.30246,48.7408],[2.30235,48.74019],[2.30204,48.73869],[2.30179,48.73743],[2.30167,48.73672],[2.30155,48.73624],[2.30168,48.73544],[2.30178,48.73501],[2.30205,48.73437],[2.30273,48.7329],[2.30296,48.7323],[2.30344,48.73092],[2.3034,48.73072],[2.30383,48.72965],[2.30384,48.72949],[2.30592,48.72941],[2.30691,48.72936],[2.30792,48.72935],[2.30855,48.72944],[2.31237,48.73014],[2.31329,48.73028],[2.31375,48.73032],[2.31422,48.73032],[2.31444,48.73042],[2.31461,48.73095],[2.31475,48.73129],[2.31492,48.7319],[2.31517,48.73255],[2.31542,48.73334],[2.31529,48.73367],[2.31567,48.73374],[2.31596,48.73375],[2.31648,48.73384],[2.31667,48.73454],[2.31732,48.73558],[2.31781,48.73617],[2.31838,48.73673],[2.31872,48.73702],[2.31816,48.73788],[2.3146,48.73686],[2.31303,48.7382],[2.31432,48.73877],[2.31417,48.7389],[2.31542,48.73962],[2.31564,48.73987],[2.31555,48.73993],[2.3169,48.74082],[2.31703,48.74089],[2.31434,48.7433],[2.31617,48.74432],[2.31636,48.74412],[2.3172,48.74472],[2.31755,48.74449],[2.31848,48.74504],[2.32047,48.74682],[2.31932,48.74712],[2.32072,48.74876],[2.32267,48.74812],[2.32325,48.74882],[2.32353,48.74899],[2.32373,48.74917],[2.32397,48.74945],[2.32387,48.74957],[2.32483,48.75053],[2.32451,48.75085],[2.32432,48.75132],[2.32421,48.75153],[2.32379,48.75203],[2.32364,48.75228],[2.32405,48.75209],[2.32534,48.75174],[2.32616,48.75145],[2.32732,48.75094],[2.32799,48.75054],[2.32861,48.75011],[2.32931,48.74945],[2.32994,48.7488],[2.33053,48.74825],[2.33074,48.74808],[2.33129,48.74778],[2.33232,48.74741],[2.33338,48.74695],[2.33377,48.74668],[2.33416,48.74629],[2.336,48.74464],[2.33626,48.74437],[2.33639,48.74429],[2.33631,48.74405],[2.33643,48.74384],[2.33703,48.74351],[2.33779,48.74314],[2.33706,48.74219],[2.3379,48.74171],[2.33885,48.7415],[2.33892,48.7416],[2.34199,48.74034],[2.34258,48.7403],[2.34348,48.74045],[2.34451,48.74069],[2.34477,48.74096],[2.34552,48.74166],[2.34757,48.74117],[2.34783,48.7415],[2.353,48.73911],[2.35389,48.73871],[2.35673,48.73813],[2.35915,48.74253],[2.36289,48.74405],[2.36285,48.74493],[2.36289,48.74611],[2.36366,48.7461],[2.368,48.74611],[2.36934,48.74613],[2.36936,48.74488],[2.36947,48.74283],[2.36959,48.74102],[2.36969,48.7391],[2.36976,48.73817],[2.36985,48.73588],[2.36993,48.73428],[2.37022,48.72792],[2.37033,48.72557],[2.37057,48.72345],[2.3706,48.723],[2.37071,48.72081],[2.37076,48.72003],[2.37497,48.71974],[2.37659,48.71945],[2.37745,48.72071],[2.38171,48.71979],[2.38403,48.71927],[2.38514,48.71899],[2.38668,48.72103],[2.38837,48.72051],[2.38893,48.72111],[2.38997,48.72075],[2.39175,48.72267],[2.39761,48.72094],[2.39892,48.72482],[2.40105,48.72474],[2.40185,48.72673],[2.40459,48.72653],[2.40455,48.72631],[2.40629,48.72619],[2.40628,48.72614],[2.40761,48.72606],[2.40848,48.72602],[2.40849,48.72595],[2.41089,48.72607],[2.41109,48.72469],[2.41119,48.72382],[2.4112,48.72309],[2.41116,48.7227],[2.41103,48.72245],[2.41071,48.72199],[2.4115,48.72176],[2.41145,48.72168],[2.41206,48.72149],[2.41233,48.72198],[2.41255,48.72198],[2.41298,48.72188],[2.41327,48.72202],[2.41341,48.72202],[2.41335,48.72155],[2.41408,48.7213],[2.41435,48.72125],[2.41504,48.721],[2.4156,48.7209],[2.41582,48.72089],[2.41485,48.71988],[2.41419,48.71934],[2.41322,48.71865],[2.41444,48.71773],[2.41675,48.719],[2.41993,48.72078],[2.42088,48.72118],[2.4222,48.72168],[2.42332,48.72208],[2.42438,48.7224],[2.42632,48.72292],[2.4278,48.72322],[2.42847,48.72334],[2.43501,48.72429],[2.43601,48.72444],[2.43808,48.72492],[2.43972,48.72534],[2.4407,48.72419],[2.44193,48.72387],[2.44293,48.72421],[2.44357,48.72441],[2.44342,48.72284],[2.44279,48.72219],[2.4424,48.72168],[2.44243,48.7214],[2.44252,48.72125],[2.44295,48.72063],[2.44344,48.72074],[2.44414,48.71953],[2.44449,48.71902],[2.44515,48.71816],[2.44634,48.71682],[2.44749,48.71578],[2.44836,48.71509],[2.44881,48.71481],[2.44925,48.71472],[2.45051,48.71451],[2.45097,48.71436],[2.45115,48.71491],[2.45084,48.71496],[2.45028,48.71518],[2.4502,48.7153],[2.45025,48.71548],[2.45038,48.71567],[2.45065,48.71589],[2.45057,48.71599],[2.45017,48.71634],[2.44959,48.71657],[2.44947,48.71667],[2.44953,48.71709],[2.44937,48.71723],[2.44859,48.71749],[2.44827,48.71764],[2.44808,48.71779],[2.44848,48.7184],[2.44848,48.71865],[2.44843,48.71885],[2.44827,48.71903],[2.44813,48.7193],[2.44803,48.71971],[2.44783,48.72009],[2.44794,48.72076],[2.44845,48.72166],[2.44851,48.72181],[2.44846,48.72199],[2.44828,48.72216],[2.44819,48.72234],[2.44817,48.72284],[2.44808,48.72306],[2.44846,48.72321],[2.44931,48.72246],[2.45061,48.72129],[2.45123,48.72172],[2.45138,48.72165],[2.45153,48.72179],[2.4525,48.7213],[2.4521,48.72077],[2.45248,48.72073],[2.45295,48.72063],[2.45417,48.72046],[2.45438,48.7208],[2.4541,48.72085],[2.45429,48.72126],[2.45442,48.72125],[2.45457,48.72161],[2.45547,48.72143],[2.45623,48.72123],[2.45654,48.72173],[2.45659,48.72203],[2.45631,48.72208],[2.45623,48.72214],[2.45535,48.72222],[2.45424,48.72238],[2.45303,48.72265],[2.45273,48.72275],[2.4518,48.7231],[2.45246,48.72366],[2.45339,48.7235],[2.45417,48.72466],[2.45611,48.72405],[2.45644,48.72399],[2.45783,48.72397],[2.45992,48.72383],[2.4602,48.72521],[2.4603,48.72597],[2.46124,48.72611],[2.46158,48.72615],[2.46283,48.72626],[2.46333,48.72689],[2.4649,48.72715],[2.46488,48.72805],[2.46491,48.72834],[2.46498,48.72849],[2.46555,48.72901],[2.46575,48.72946],[2.46583,48.7295],[2.46676,48.7296],[2.46767,48.7282],[2.46764,48.72667],[2.46794,48.72662],[2.46834,48.72664],[2.46954,48.72686],[2.47001,48.72697],[2.4705,48.7271],[2.47156,48.72753],[2.47191,48.72756],[2.4728,48.72752],[2.4728,48.72764],[2.47532,48.72772],[2.4761,48.72774],[2.47662,48.72772],[2.48006,48.72801],[2.48126,48.72826],[2.48196,48.7285],[2.48283,48.72875],[2.48376,48.729],[2.48463,48.72925],[2.48529,48.72946],[2.48772,48.73027],[2.48843,48.73051],[2.49042,48.73115],[2.49167,48.73154],[2.49311,48.732],[2.4939,48.73222],[2.49454,48.73243],[2.50395,48.73537],[2.50414,48.73519],[2.50617,48.73588],[2.50766,48.73502],[2.5074,48.73299],[2.50905,48.73357],[2.50919,48.73363],[2.5096,48.73465],[2.51005,48.73479],[2.51222,48.73256],[2.51327,48.73151],[2.51385,48.73095],[2.51494,48.72987],[2.51576,48.7291],[2.51592,48.72691],[2.51601,48.72595],[2.5167,48.72213],[2.51695,48.72029],[2.5172,48.71879],[2.51736,48.71814],[2.51743,48.71757],[2.51752,48.71713],[2.5178,48.71675],[2.51804,48.71628],[2.5182,48.71603],[2.51728,48.71588],[2.5175,48.71554],[2.51799,48.71516],[2.51884,48.71484],[2.51931,48.71447],[2.51959,48.71409],[2.51986,48.71379],[2.52064,48.71303],[2.52089,48.71285],[2.51972,48.7126],[2.5191,48.71257],[2.5185,48.71248],[2.51805,48.71234],[2.51823,48.71216],[2.51913,48.71205],[2.51997,48.71208],[2.52048,48.71213],[2.52148,48.71233],[2.52199,48.71121],[2.52216,48.71079],[2.52256,48.7099],[2.52436,48.70993],[2.52498,48.70982],[2.52641,48.70961],[2.52647,48.70848],[2.52653,48.70801],[2.52735,48.70795],[2.52827,48.70795],[2.52931,48.70798],[2.5292,48.70711],[2.52904,48.70631],[2.52961,48.70617],[2.52951,48.70559],[2.52941,48.70545],[2.52914,48.70527],[2.52853,48.70523],[2.52831,48.70525],[2.528,48.70498],[2.52762,48.70507],[2.52688,48.7051],[2.52681,48.70506],[2.52684,48.70468],[2.528,48.70413],[2.52838,48.70389],[2.52864,48.70359],[2.52896,48.7031],[2.52922,48.70252],[2.52954,48.70197],[2.52979,48.70161],[2.53035,48.70101],[2.53085,48.70016],[2.53129,48.69963],[2.5317,48.69978],[2.53159,48.69992],[2.53348,48.70047],[2.53455,48.70072],[2.53455,48.70085],[2.5357,48.70108],[2.53611,48.69986],[2.53613,48.69954],[2.53609,48.69928],[2.536,48.69907],[2.53597,48.69881],[2.53621,48.69735],[2.53627,48.69719],[2.53639,48.69713],[2.53657,48.69729],[2.5374,48.69765],[2.53791,48.69791],[2.53833,48.69816],[2.539,48.6985],[2.5393,48.69869],[2.53995,48.69905],[2.54028,48.69928],[2.54064,48.69962],[2.54132,48.70036],[2.54221,48.69989],[2.54378,48.69883],[2.54417,48.69861],[2.54427,48.69856],[2.544,48.69822],[2.54368,48.69787],[2.5433,48.69752],[2.54241,48.69678],[2.54273,48.69654],[2.54292,48.6963],[2.54335,48.69559],[2.54353,48.69526],[2.54377,48.69464],[2.5439,48.69456],[2.54417,48.69457],[2.54473,48.69488],[2.54546,48.69515],[2.54628,48.69527],[2.54668,48.69535],[2.54656,48.69468],[2.5465,48.69452],[2.54663,48.69391],[2.54678,48.69382],[2.54577,48.69363],[2.54528,48.69358],[2.54537,48.69315],[2.54579,48.69318],[2.54625,48.69312],[2.54675,48.69293],[2.54751,48.69273],[2.54816,48.69262],[2.54845,48.69253],[2.54872,48.69234],[2.54912,48.69196],[2.54923,48.6918],[2.54942,48.69164],[2.54991,48.69161],[2.55061,48.691],[2.55069,48.69086],[2.55108,48.69043],[2.55096,48.69011],[2.5506,48.6898],[2.54986,48.68939],[2.54895,48.68901],[2.54977,48.68849],[2.55031,48.68855],[2.55139,48.68854],[2.55239,48.68844],[2.55392,48.68836],[2.55368,48.68763],[2.55504,48.68764],[2.55488,48.68839],[2.55493,48.68848],[2.55586,48.68864],[2.5571,48.68889],[2.56047,48.68945],[2.56124,48.68959],[2.56109,48.69072],[2.56286,48.6909],[2.56433,48.69102],[2.56491,48.69103],[2.56591,48.691],[2.56609,48.69175],[2.56974,48.69183],[2.56975,48.69158],[2.57176,48.692],[2.57534,48.69189],[2.57784,48.69049],[2.58192,48.68958],[2.58122,48.68706],[2.57998,48.68638],[2.58524,48.67914],[2.5839,48.67729],[2.58306,48.67776],[2.57943,48.67782],[2.57455,48.67673],[2.57105,48.67495],[2.57045,48.67249],[2.57199,48.66998],[2.57185,48.66862],[2.56901,48.66673],[2.56506,48.66722],[2.56335,48.66789],[2.55914,48.67261],[2.55693,48.67596],[2.55562,48.67595],[2.55247,48.67405],[2.55176,48.67095],[2.55004,48.669],[2.54819,48.6701],[2.54755,48.6718],[2.5448,48.67107],[2.54551,48.66964],[2.54319,48.66838],[2.53988,48.66432],[2.53485,48.66205],[2.53815,48.65961],[2.53341,48.65725],[2.54121,48.65147],[2.54737,48.6515],[2.54794,48.64966],[2.54418,48.6477],[2.54192,48.64609],[2.54393,48.64565],[2.54085,48.64131],[2.5408,48.63777],[2.54171,48.6378],[2.54248,48.63565],[2.54225,48.63331],[2.54141,48.63234],[2.53756,48.63324],[2.53651,48.63122],[2.53295,48.63184],[2.52714,48.63342],[2.52443,48.633],[2.52133,48.63193],[2.5156,48.62925],[2.52498,48.62127],[2.52646,48.62128],[2.52668,48.61927],[2.52566,48.61318],[2.54064,48.61129],[2.54246,48.60876],[2.54393,48.60408],[2.54151,48.597],[2.54088,48.59468],[2.53886,48.59339],[2.53772,48.59365],[2.5356,48.5926],[2.53395,48.59052],[2.53423,48.58936],[2.53015,48.58806],[2.52745,48.58668],[2.52476,48.58588],[2.52423,48.58687],[2.51843,48.58457],[2.51812,48.58307],[2.51914,48.58199],[2.51903,48.58023],[2.52012,48.5783],[2.5219,48.57726],[2.52252,48.57566],[2.52216,48.5734],[2.5313,48.57364],[2.5305,48.57112],[2.52559,48.5713],[2.5239,48.57074],[2.51909,48.57006],[2.52083,48.56606],[2.51978,48.56258],[2.51586,48.56083],[2.51234,48.55679],[2.50603,48.55139],[2.50547,48.54903],[2.50369,48.54751],[2.50293,48.54601],[2.49961,48.54654],[2.4995,48.5429],[2.50241,48.54283],[2.50474,48.54323],[2.51098,48.54303],[2.50918,48.53967],[2.50746,48.53807],[2.50654,48.53632],[2.50241,48.53418],[2.50539,48.53275],[2.50384,48.5313],[2.50259,48.53161],[2.5009,48.52726],[2.498,48.52755],[2.49727,48.52531],[2.49952,48.52504],[2.49814,48.52092],[2.497,48.52076],[2.49782,48.51883],[2.4976,48.51728],[2.50197,48.51703],[2.50435,48.51637],[2.50663,48.51742],[2.50882,48.51666],[2.5083,48.51394],[2.50713,48.5137],[2.50951,48.50933],[2.51344,48.50946],[2.51513,48.50591],[2.51454,48.50286],[2.51355,48.50083],[2.5109,48.4989],[2.51341,48.49726],[2.51206,48.49545],[2.5097,48.49202],[2.51028,48.48838],[2.50554,48.48683],[2.50163,48.48465],[2.50321,48.48301],[2.50334,48.48124],[2.50445,48.47964],[2.50098,48.47797],[2.50515,48.47419],[2.50197,48.47194],[2.50625,48.47083],[2.50711,48.46969],[2.50148,48.46681],[2.50376,48.4645],[2.50601,48.46141],[2.49975,48.4592],[2.49789,48.45727],[2.50137,48.45615],[2.50061,48.45536],[2.50363,48.45419],[2.50293,48.45353],[2.50553,48.45254],[2.50722,48.45086],[2.50501,48.44982],[2.50367,48.44843],[2.50459,48.44778],[2.50709,48.44638],[2.50045,48.44027],[2.50312,48.43978],[2.50736,48.43808],[2.50549,48.43541],[2.50734,48.43518],[2.50634,48.43159],[2.50674,48.43079],[2.50443,48.42991],[2.50991,48.42931],[2.51326,48.42818],[2.51705,48.42775],[2.52773,48.41544],[2.54708,48.4017],[2.54699,48.40157],[2.53505,48.40413],[2.53031,48.40451],[2.52562,48.40438],[2.52176,48.40498],[2.52088,48.40176],[2.51695,48.39964],[2.5136,48.39834],[2.51062,48.39647],[2.50792,48.39528],[2.50596,48.39388],[2.50283,48.39286],[2.49875,48.39666],[2.49213,48.39545],[2.48724,48.39621],[2.48352,48.39726],[2.48231,48.39441],[2.47871,48.39304],[2.47401,48.39043],[2.48494,48.38344],[2.47921,48.38107],[2.47582,48.37943],[2.46817,48.37635],[2.45918,48.37623],[2.45758,48.37568],[2.45363,48.37546],[2.45142,48.37476],[2.44751,48.37274],[2.44909,48.36963],[2.451,48.36689],[2.44703,48.36624],[2.44689,48.36807],[2.44529,48.36824],[2.44309,48.36948],[2.43778,48.36663],[2.43401,48.36485],[2.42968,48.36194],[2.43328,48.35931],[2.43563,48.35975],[2.43727,48.36069],[2.44061,48.35716],[2.44168,48.35798],[2.44399,48.35715],[2.44281,48.35388],[2.44076,48.35156],[2.43693,48.3527],[2.43486,48.35427],[2.43113,48.34978],[2.42919,48.34672],[2.43095,48.34203],[2.43288,48.33929],[2.43239,48.33828],[2.43375,48.33444],[2.43119,48.33556],[2.42866,48.33741],[2.42248,48.33661],[2.42007,48.33699],[2.41655,48.33694],[2.41316,48.33634],[2.41025,48.33624],[2.40737,48.33544],[2.40409,48.33362],[2.40223,48.33298],[2.39696,48.33366],[2.39304,48.33628],[2.39234,48.33592],[2.39371,48.33464],[2.39432,48.33273],[2.39314,48.32897],[2.39385,48.32679],[2.39661,48.32514],[2.39774,48.3235],[2.40237,48.32159],[2.40297,48.32064],[2.39849,48.31884],[2.39981,48.31624],[2.39761,48.31492],[2.39727,48.31321],[2.3944,48.31476],[2.39027,48.31282],[2.38794,48.31265],[2.38521,48.31145],[2.38151,48.31164],[2.37663,48.31071],[2.36962,48.3088],[2.36829,48.30949],[2.36668,48.312],[2.3609,48.30912],[2.35815,48.30887],[2.35665,48.31089],[2.35399,48.31292],[2.35305,48.31449],[2.34863,48.31516],[2.34829,48.31633],[2.34608,48.31607],[2.34604,48.31731],[2.34206,48.31668],[2.34057,48.31967],[2.33622,48.32634],[2.33445,48.32733],[2.32887,48.32652],[2.32873,48.33144],[2.32927,48.33281],[2.32764,48.33315],[2.32644,48.32971],[2.32448,48.32969],[2.32449,48.332],[2.32369,48.33234],[2.31805,48.33023],[2.31715,48.33166],[2.31266,48.3306],[2.31297,48.32876],[2.31118,48.32888],[2.30831,48.32433],[2.30735,48.32419],[2.30362,48.31821],[2.30104,48.3157],[2.29854,48.3121],[2.30024,48.31132],[2.2956,48.30791],[2.29173,48.30898],[2.28589,48.31114],[2.28329,48.31281],[2.27781,48.31298],[2.27236,48.31188],[2.27225,48.31364],[2.26915,48.31335],[2.26927,48.315],[2.26681,48.31471],[2.26618,48.31303],[2.26466,48.3127],[2.26244,48.31031],[2.26484,48.30935],[2.26254,48.30795],[2.26201,48.30692],[2.25899,48.30746],[2.2556,48.30207],[2.255,48.30149],[2.25341,48.3],[2.25145,48.29991],[2.24522,48.29822],[2.24542,48.30018],[2.24483,48.30157],[2.24674,48.3055],[2.24617,48.30836],[2.24942,48.31454],[2.25236,48.31663],[2.238,48.31626],[2.24125,48.321],[2.24384,48.32438],[2.24623,48.32961],[2.24624,48.33118],[2.24334,48.33259],[2.24193,48.33133],[2.2438,48.33081],[2.24311,48.32981],[2.23999,48.33089],[2.23785,48.33222],[2.23445,48.33024],[2.2359,48.32932],[2.23441,48.32774],[2.22992,48.32932],[2.22778,48.32954],[2.22917,48.33139],[2.22829,48.33295],[2.22668,48.33266],[2.22393,48.33644],[2.21936,48.33543],[2.21779,48.33356],[2.2152,48.33428],[2.2157,48.33716],[2.21275,48.33751],[2.21189,48.33859],[2.2126,48.34049],[2.20722,48.34176],[2.20729,48.34495],[2.2022,48.34461],[2.20202,48.34317],[2.20518,48.34229],[2.20287,48.33876],[2.19133,48.33357],[2.19081,48.33255],[2.18799,48.33241],[2.18851,48.32899],[2.18806,48.32797],[2.18505,48.32641],[2.18202,48.32408],[2.18181,48.32172],[2.18441,48.32261],[2.18505,48.32111],[2.18155,48.31345]]]},"properties":{"dep":"91","code":"91","nom":"91"}},{"type":"Feature","geometry":{"type":"Polygon","coordinates":[[[1.78929,49.0579],[1.78575,49.05768],[1.78364,49.05673],[1.77946,49.05663],[1.77504,49.05765],[1.77324,49.05703],[1.77073,49.05765],[1.76741,49.05789],[1.76671,49.05928],[1.76443,49.05929],[1.75991,49.06351],[1.75926,49.06309],[1.75349,49.06009],[1.75749,49.05799],[1.75273,49.0562],[1.74956,49.05355],[1.75119,49.04797],[1.74779,49.04792],[1.74579,49.04753],[1.73549,49.04874],[1.73186,49.05051],[1.72293,49.04473],[1.71673,49.04908],[1.71405,49.04746],[1.70768,49.05222],[1.70621,49.05228],[1.70095,49.0538],[1.69356,49.05681],[1.69589,49.06001],[1.69603,49.06283],[1.69729,49.06484],[1.69699,49.06595],[1.69304,49.06919],[1.69013,49.07083],[1.68748,49.07186],[1.68394,49.07332],[1.67966,49.07566],[1.67549,49.07705],[1.67238,49.07854],[1.66927,49.07909],[1.66705,49.07893],[1.66187,49.08002],[1.66014,49.081],[1.65269,49.08191],[1.64877,49.08129],[1.64575,49.08146],[1.64404,49.08155],[1.64019,49.08036],[1.64033,49.07904],[1.63376,49.07919],[1.6295,49.07827],[1.62714,49.07733],[1.62013,49.07383],[1.61442,49.07119],[1.6128,49.07308],[1.60985,49.07472],[1.61083,49.07542],[1.60875,49.07771],[1.61228,49.08011],[1.61399,49.08043],[1.61571,49.08234],[1.62341,49.086],[1.61922,49.08771],[1.61975,49.08875],[1.62285,49.09104],[1.62263,49.0934],[1.61758,49.09402],[1.61908,49.09726],[1.62131,49.09817],[1.62138,49.10072],[1.62728,49.1029],[1.62666,49.10471],[1.62944,49.10729],[1.6297,49.11017],[1.63298,49.1108],[1.63229,49.11203],[1.63428,49.11277],[1.63579,49.1143],[1.63947,49.1164],[1.64242,49.1166],[1.64422,49.11821],[1.6452,49.12058],[1.64661,49.12141],[1.64642,49.12374],[1.64736,49.12466],[1.64993,49.12519],[1.65028,49.12706],[1.65225,49.12747],[1.65271,49.12935],[1.65567,49.12996],[1.65565,49.13076],[1.65785,49.13194],[1.65679,49.13395],[1.65748,49.13566],[1.65667,49.13757],[1.65315,49.13693],[1.65241,49.14113],[1.65322,49.14294],[1.65313,49.14493],[1.65607,49.14762],[1.65583,49.14847],[1.6585,49.1491],[1.65948,49.15149],[1.66427,49.15327],[1.66407,49.15414],[1.6607,49.15759],[1.663,49.15937],[1.66305,49.16081],[1.66425,49.16302],[1.66476,49.16604],[1.66612,49.16645],[1.67017,49.17014],[1.66874,49.17147],[1.66837,49.17317],[1.66634,49.17548],[1.66609,49.17675],[1.66754,49.17787],[1.66744,49.17967],[1.66995,49.18063],[1.67162,49.18075],[1.67084,49.18236],[1.67081,49.18447],[1.66966,49.18498],[1.66918,49.18746],[1.67054,49.18991],[1.6715,49.19136],[1.67054,49.19338],[1.6748,49.19685],[1.67626,49.20015],[1.6769,49.20266],[1.67648,49.20383],[1.67497,49.20407],[1.67221,49.20634],[1.67419,49.20883],[1.67376,49.2094],[1.67485,49.21167],[1.67693,49.21214],[1.67735,49.21355],[1.67983,49.21433],[1.68246,49.2162],[1.68467,49.21658],[1.68607,49.21815],[1.68859,49.21855],[1.68994,49.2206],[1.69114,49.22123],[1.6908,49.22261],[1.69254,49.22389],[1.69868,49.22487],[1.69869,49.22606],[1.70226,49.22802],[1.70382,49.22954],[1.70259,49.23137],[1.70435,49.23243],[1.70525,49.23438],[1.70705,49.23581],[1.70835,49.23592],[1.70964,49.23867],[1.70939,49.24149],[1.71259,49.24125],[1.71237,49.23902],[1.71323,49.23693],[1.71316,49.23479],[1.71212,49.23302],[1.71434,49.23262],[1.7153,49.23339],[1.72534,49.22983],[1.72966,49.2292],[1.73215,49.22812],[1.73328,49.22654],[1.73621,49.22628],[1.73798,49.22539],[1.73837,49.22406],[1.74046,49.22367],[1.73591,49.22229],[1.73411,49.22128],[1.73568,49.21609],[1.73226,49.21563],[1.73368,49.21096],[1.72989,49.21028],[1.72935,49.20975],[1.72287,49.20968],[1.72198,49.21001],[1.72022,49.20681],[1.71487,49.20744],[1.71599,49.20433],[1.71553,49.20266],[1.71841,49.20279],[1.71989,49.20154],[1.72208,49.2025],[1.72253,49.20097],[1.72481,49.19987],[1.72587,49.19433],[1.72913,49.19522],[1.73727,49.19479],[1.73645,49.19283],[1.73989,49.19208],[1.74109,49.18837],[1.741,49.18567],[1.74429,49.18331],[1.7401,49.18081],[1.7424,49.17984],[1.75486,49.17459],[1.76695,49.18003],[1.77686,49.18415],[1.77639,49.18488],[1.77696,49.185],[1.77752,49.18403],[1.78298,49.18504],[1.7848,49.18582],[1.7867,49.18416],[1.78637,49.18308],[1.78863,49.18149],[1.7897,49.18179],[1.79095,49.17997],[1.79363,49.18027],[1.79399,49.18273],[1.79547,49.18526],[1.79701,49.18523],[1.80308,49.18511],[1.80331,49.18185],[1.80121,49.18178],[1.80026,49.18041],[1.80355,49.18095],[1.80355,49.17996],[1.80629,49.18013],[1.81308,49.17834],[1.81448,49.17613],[1.8113,49.17493],[1.81178,49.17397],[1.81596,49.17387],[1.81565,49.17495],[1.81921,49.17588],[1.81952,49.17695],[1.82352,49.17872],[1.82682,49.17965],[1.82811,49.17835],[1.83077,49.17726],[1.83253,49.17601],[1.83423,49.17591],[1.83472,49.17446],[1.83745,49.1728],[1.83738,49.1716],[1.83596,49.17014],[1.83431,49.16517],[1.83642,49.1645],[1.83873,49.16684],[1.84468,49.17066],[1.84519,49.16996],[1.84889,49.17059],[1.85103,49.17053],[1.8551,49.17194],[1.85654,49.172],[1.85822,49.16996],[1.86731,49.17205],[1.86782,49.17183],[1.87346,49.17408],[1.87614,49.17505],[1.8767,49.17142],[1.88086,49.1673],[1.8823,49.16795],[1.88367,49.16609],[1.88295,49.16258],[1.88744,49.16302],[1.88687,49.16416],[1.88975,49.16502],[1.89012,49.16411],[1.89511,49.16503],[1.89471,49.16609],[1.90693,49.16864],[1.91498,49.17093],[1.92146,49.17238],[1.92383,49.17244],[1.92437,49.1736],[1.92645,49.17342],[1.93117,49.17426],[1.93251,49.17501],[1.93437,49.17354],[1.93485,49.16996],[1.93886,49.17061],[1.94233,49.17],[1.94535,49.17152],[1.94974,49.17048],[1.95255,49.17148],[1.96002,49.17349],[1.96236,49.1746],[1.96473,49.17693],[1.97167,49.18138],[1.97358,49.18386],[1.97644,49.1833],[1.98131,49.18165],[1.9832,49.18014],[1.98794,49.17902],[1.98864,49.17786],[1.99086,49.17661],[1.9962,49.17681],[1.99912,49.17541],[2.00268,49.17602],[2.00474,49.17719],[2.02178,49.18881],[2.02566,49.18883],[2.02842,49.18796],[2.03463,49.18961],[2.038,49.19217],[2.03824,49.19238],[2.04281,49.19439],[2.04623,49.19642],[2.04732,49.19869],[2.05579,49.19894],[2.06684,49.20286],[2.07214,49.20434],[2.07263,49.20618],[2.07481,49.20884],[2.0771,49.20874],[2.07726,49.20991],[2.08074,49.21072],[2.08069,49.20694],[2.08267,49.20685],[2.08236,49.20566],[2.08471,49.20587],[2.0871,49.20773],[2.08792,49.20913],[2.09093,49.20864],[2.09036,49.20606],[2.09137,49.20499],[2.09046,49.20169],[2.09218,49.2012],[2.09033,49.19823],[2.09253,49.19747],[2.09265,49.19532],[2.0889,49.19615],[2.08905,49.19378],[2.09228,49.19418],[2.09247,49.19341],[2.09583,49.19164],[2.09532,49.19011],[2.09772,49.18917],[2.10206,49.19044],[2.10362,49.18891],[2.10951,49.19076],[2.1097,49.18879],[2.11104,49.18698],[2.11334,49.18654],[2.11856,49.1874],[2.12232,49.18896],[2.125,49.19058],[2.12549,49.19285],[2.12798,49.19359],[2.13065,49.19253],[2.13,49.19156],[2.13184,49.19066],[2.13522,49.19118],[2.13515,49.1883],[2.13684,49.18135],[2.13648,49.17901],[2.14076,49.17892],[2.14131,49.18357],[2.14124,49.18589],[2.14728,49.18805],[2.14805,49.18503],[2.15238,49.18382],[2.15916,49.18152],[2.1617,49.17959],[2.16405,49.17977],[2.16502,49.17892],[2.1615,49.176],[2.16067,49.17437],[2.15803,49.17263],[2.16203,49.16868],[2.16383,49.1663],[2.16804,49.16485],[2.16879,49.16395],[2.17055,49.16436],[2.17043,49.16636],[2.17147,49.16786],[2.17532,49.16954],[2.17928,49.17082],[2.18225,49.17038],[2.17984,49.17321],[2.17801,49.17428],[2.17495,49.175],[2.17609,49.17603],[2.18195,49.17368],[2.18244,49.17441],[2.18682,49.17342],[2.18906,49.17313],[2.19165,49.17362],[2.19433,49.17314],[2.19601,49.17342],[2.19905,49.1753],[2.20125,49.17415],[2.20632,49.17459],[2.21208,49.17653],[2.21749,49.17973],[2.21982,49.17959],[2.22377,49.17399],[2.22626,49.17254],[2.2315,49.17049],[2.23475,49.16726],[2.23433,49.16603],[2.22922,49.1638],[2.22425,49.16238],[2.22307,49.1597],[2.21685,49.15413],[2.2223,49.15226],[2.2293,49.15153],[2.23211,49.15143],[2.23881,49.15198],[2.24132,49.15159],[2.24187,49.15342],[2.25036,49.15349],[2.25378,49.15263],[2.25876,49.15578],[2.26215,49.15838],[2.26817,49.15575],[2.2704,49.15703],[2.27671,49.15898],[2.2812,49.15886],[2.28296,49.15967],[2.28648,49.15987],[2.28548,49.16159],[2.28509,49.16571],[2.28756,49.16589],[2.28697,49.16718],[2.28949,49.16804],[2.28881,49.17071],[2.29018,49.17154],[2.29415,49.17171],[2.29568,49.17333],[2.29663,49.17621],[2.29952,49.17596],[2.3001,49.18124],[2.30127,49.18404],[2.30445,49.18394],[2.30621,49.18483],[2.31043,49.18499],[2.3108,49.18675],[2.31321,49.18584],[2.31929,49.18507],[2.32159,49.18437],[2.31955,49.18242],[2.32063,49.18129],[2.32582,49.17873],[2.32604,49.17767],[2.33554,49.17066],[2.3413,49.16489],[2.34595,49.16235],[2.35051,49.15722],[2.35535,49.15328],[2.35488,49.15175],[2.35342,49.15116],[2.35509,49.14926],[2.35934,49.14733],[2.36177,49.15019],[2.36221,49.15254],[2.36487,49.15229],[2.36487,49.15355],[2.3663,49.1539],[2.36661,49.15528],[2.36928,49.15616],[2.37109,49.15926],[2.37331,49.15937],[2.37636,49.15904],[2.38102,49.15772],[2.3835,49.15551],[2.3913,49.14931],[2.39989,49.15078],[2.40428,49.1519],[2.41312,49.15242],[2.41561,49.15178],[2.41554,49.14989],[2.41954,49.14945],[2.4247,49.14955],[2.43526,49.14769],[2.43711,49.14667],[2.44078,49.14591],[2.4389,49.14164],[2.43548,49.13405],[2.43756,49.13441],[2.44031,49.13418],[2.44202,49.1349],[2.4477,49.13601],[2.45374,49.13861],[2.45696,49.14054],[2.45893,49.14085],[2.46247,49.13926],[2.46114,49.13674],[2.46129,49.13614],[2.4676,49.1361],[2.46756,49.13501],[2.47175,49.13508],[2.4753,49.13098],[2.47751,49.13098],[2.47531,49.12846],[2.48729,49.12565],[2.49908,49.12224],[2.50301,49.11767],[2.49122,49.11142],[2.49137,49.11042],[2.49007,49.10625],[2.49384,49.10552],[2.49899,49.10491],[2.50007,49.10448],[2.50505,49.10376],[2.50981,49.10359],[2.51039,49.1043],[2.52015,49.102],[2.52678,49.10088],[2.53126,49.09946],[2.53296,49.11951],[2.53675,49.12011],[2.53852,49.12176],[2.54207,49.12225],[2.54406,49.12127],[2.54398,49.1201],[2.54241,49.1193],[2.53911,49.11934],[2.53774,49.1178],[2.5393,49.11756],[2.53956,49.11644],[2.54161,49.11664],[2.54713,49.11638],[2.54768,49.12035],[2.54991,49.12255],[2.55332,49.12456],[2.55694,49.12373],[2.557,49.12185],[2.55622,49.11904],[2.55501,49.11673],[2.55175,49.11243],[2.55343,49.11053],[2.55595,49.10938],[2.55793,49.10428],[2.55753,49.10023],[2.55793,49.09872],[2.55959,49.09754],[2.56089,49.09699],[2.56235,49.09778],[2.56426,49.0963],[2.56522,49.09486],[2.5679,49.09476],[2.57102,49.09513],[2.57293,49.09428],[2.58013,49.08984],[2.57774,49.08782],[2.57981,49.08679],[2.5789,49.08425],[2.58269,49.08245],[2.58298,49.08067],[2.58661,49.07983],[2.5903,49.0799],[2.59013,49.07787],[2.5874,49.07623],[2.58486,49.07207],[2.58298,49.06984],[2.58044,49.06803],[2.5755,49.06498],[2.57095,49.06058],[2.57408,49.05431],[2.58077,49.05622],[2.58571,49.05805],[2.58672,49.05586],[2.58572,49.05537],[2.58451,49.05283],[2.58828,49.0498],[2.595,49.04775],[2.59454,49.04724],[2.58385,49.04708],[2.57714,49.04668],[2.5753,49.04477],[2.56933,49.03958],[2.56793,49.03909],[2.56969,49.03537],[2.56879,49.03524],[2.56873,49.03282],[2.56625,49.0321],[2.56601,49.02859],[2.56403,49.02845],[2.56238,49.0274],[2.55851,49.02581],[2.55263,49.02534],[2.54597,49.02297],[2.54526,49.02238],[2.5412,49.02238],[2.54119,49.02322],[2.53494,49.02384],[2.53466,49.02171],[2.53535,49.02068],[2.53428,49.01852],[2.53737,49.01846],[2.53881,49.01264],[2.54074,49.01141],[2.54485,49.01197],[2.54506,49.01469],[2.54908,49.01495],[2.55009,49.01198],[2.55337,49.01191],[2.55346,49.01014],[2.55308,49.00678],[2.54882,49.0067],[2.54926,49.00316],[2.54808,49.00309],[2.54782,49.00505],[2.54694,49.00502],[2.54695,49.00492],[2.54551,49.00483],[2.54408,49.00475],[2.54404,49.00564],[2.54115,49.00566],[2.5412,49.00629],[2.53839,49.00622],[2.53837,49.00532],[2.53573,49.00525],[2.53548,49.00659],[2.53443,49.00625],[2.53219,49.00524],[2.53107,49.00311],[2.5302,49.0023],[2.53048,49.00198],[2.53044,49.00191],[2.52964,49.002],[2.52915,49.00043],[2.52787,49.00045],[2.52441,48.99625],[2.52323,48.99426],[2.52278,48.99214],[2.52045,48.99228],[2.52015,48.9911],[2.51892,48.99095],[2.5192,48.98784],[2.51692,48.98761],[2.51701,48.98611],[2.51656,48.98613],[2.51622,48.9861],[2.51226,48.98605],[2.51426,48.98294],[2.51449,48.98265],[2.51472,48.98223],[2.51053,48.98062],[2.51074,48.98038],[2.50923,48.97982],[2.50882,48.98059],[2.50634,48.98031],[2.50672,48.97988],[2.50486,48.97879],[2.50376,48.97947],[2.50188,48.97854],[2.50037,48.97771],[2.50076,48.97747],[2.50211,48.97657],[2.50101,48.97603],[2.50024,48.97561],[2.50049,48.97544],[2.49835,48.97521],[2.49761,48.97509],[2.49724,48.97506],[2.49579,48.97506],[2.49796,48.97386],[2.4973,48.97338],[2.49618,48.9726],[2.49249,48.97459],[2.49091,48.97335],[2.4907,48.97318],[2.48832,48.9713],[2.49026,48.97007],[2.48677,48.96726],[2.48383,48.96832],[2.48151,48.96958],[2.48077,48.96981],[2.47928,48.96811],[2.47883,48.9675],[2.47853,48.96761],[2.4778,48.9667],[2.47503,48.96767],[2.4731,48.96587],[2.47059,48.96394],[2.4695,48.96302],[2.46735,48.96431],[2.46426,48.96124],[2.4634,48.96031],[2.46295,48.95975],[2.4626,48.95954],[2.4622,48.95923],[2.46114,48.95854],[2.46083,48.95847],[2.46072,48.9584],[2.46057,48.95818],[2.46034,48.95731],[2.46018,48.95699],[2.4602,48.9568],[2.4603,48.95656],[2.46014,48.95615],[2.45959,48.95527],[2.45949,48.95505],[2.45901,48.95513],[2.45766,48.95553],[2.45675,48.95573],[2.45588,48.95567],[2.45418,48.95566],[2.45384,48.95562],[2.45319,48.95548],[2.4529,48.95534],[2.45263,48.95529],[2.45147,48.95515],[2.45105,48.95505],[2.45031,48.95494],[2.45004,48.95497],[2.44923,48.95511],[2.44891,48.95525],[2.44857,48.95547],[2.44801,48.95594],[2.44749,48.95578],[2.44518,48.95674],[2.44502,48.95673],[2.44479,48.95657],[2.44457,48.95672],[2.44446,48.95664],[2.44403,48.95672],[2.44393,48.9567],[2.44384,48.95653],[2.44349,48.95661],[2.44333,48.9565],[2.44277,48.95655],[2.44227,48.95652],[2.44185,48.95656],[2.44165,48.95642],[2.44116,48.9564],[2.44081,48.95625],[2.43982,48.95603],[2.43913,48.95586],[2.43807,48.95578],[2.43709,48.95575],[2.43648,48.95544],[2.43616,48.95539],[2.43593,48.95512],[2.43577,48.95508],[2.43564,48.95519],[2.43564,48.95543],[2.43538,48.95546],[2.43531,48.95563],[2.43502,48.95566],[2.43435,48.9559],[2.4341,48.95594],[2.43394,48.95642],[2.43376,48.95659],[2.43339,48.95676],[2.43318,48.95678],[2.43303,48.95716],[2.43285,48.9572],[2.43283,48.95742],[2.43265,48.9574],[2.43263,48.95756],[2.43179,48.95774],[2.43137,48.95794],[2.4307,48.95814],[2.43041,48.95825],[2.43002,48.95833],[2.42988,48.95856],[2.42931,48.95866],[2.42902,48.95891],[2.42884,48.959],[2.4285,48.95903],[2.42823,48.95925],[2.42804,48.95924],[2.42736,48.95933],[2.42702,48.95941],[2.42653,48.95938],[2.42584,48.9594],[2.42566,48.95934],[2.42532,48.95911],[2.42499,48.95914],[2.42444,48.95905],[2.4227,48.9589],[2.4216,48.95853],[2.41881,48.95771],[2.41839,48.95759],[2.41841,48.95793],[2.4183,48.95825],[2.4178,48.95942],[2.41744,48.95952],[2.417,48.95933],[2.4161,48.95888],[2.41579,48.95875],[2.41536,48.95849],[2.41494,48.95826],[2.41366,48.958],[2.41369,48.95774],[2.41249,48.95772],[2.41091,48.95797],[2.40967,48.95787],[2.40984,48.95704],[2.40958,48.95693],[2.40834,48.95729],[2.40792,48.9568],[2.40736,48.95609],[2.40482,48.95743],[2.40329,48.95809],[2.40254,48.95796],[2.3989,48.95961],[2.39749,48.96056],[2.39736,48.96067],[2.39667,48.96112],[2.39654,48.96109],[2.39612,48.96142],[2.39541,48.96183],[2.39432,48.96254],[2.39456,48.96271],[2.39397,48.9631],[2.39333,48.96359],[2.3933,48.96365],[2.39285,48.96403],[2.39249,48.96437],[2.39224,48.96455],[2.39178,48.96474],[2.39113,48.9651],[2.39099,48.96503],[2.39024,48.96556],[2.38803,48.96725],[2.38786,48.96735],[2.38621,48.96875],[2.3861,48.96886],[2.38459,48.97016],[2.38416,48.97113],[2.38244,48.97123],[2.38228,48.97124],[2.37872,48.97169],[2.37573,48.97207],[2.37254,48.97237],[2.3717,48.97253],[2.36943,48.97292],[2.36888,48.97303],[2.36597,48.97401],[2.36574,48.97403],[2.36556,48.97369],[2.36552,48.97354],[2.36529,48.97309],[2.36265,48.97366],[2.36267,48.97372],[2.36227,48.9738],[2.36172,48.97397],[2.36156,48.97389],[2.36129,48.9735],[2.36112,48.97335],[2.36081,48.97299],[2.36049,48.97269],[2.36009,48.97248],[2.35953,48.97269],[2.35899,48.97287],[2.3582,48.97182],[2.35793,48.9714],[2.35751,48.97083],[2.35642,48.9691],[2.35656,48.96898],[2.35693,48.96878],[2.35653,48.96843],[2.35536,48.96744],[2.3548,48.9669],[2.35392,48.96576],[2.35365,48.96583],[2.35347,48.96562],[2.35257,48.96573],[2.35232,48.96578],[2.35201,48.96591],[2.35164,48.96619],[2.35158,48.96662],[2.35052,48.96702],[2.35,48.96713],[2.34916,48.96735],[2.3485,48.9675],[2.34729,48.9677],[2.34708,48.96766],[2.3455,48.96807],[2.34508,48.96819],[2.34466,48.96819],[2.34445,48.96823],[2.34387,48.96842],[2.33987,48.96255],[2.33939,48.96271],[2.33893,48.96292],[2.33842,48.96222],[2.33797,48.96163],[2.33745,48.96091],[2.33764,48.96072],[2.33808,48.96007],[2.33699,48.95868],[2.33651,48.95805],[2.33636,48.95774],[2.33564,48.95712],[2.33552,48.95714],[2.33506,48.95681],[2.33427,48.95605],[2.33402,48.95617],[2.33364,48.95565],[2.33336,48.95532],[2.33215,48.9563],[2.3308,48.95737],[2.33025,48.95779],[2.32922,48.95847],[2.32792,48.95952],[2.32574,48.95841],[2.32533,48.95826],[2.32299,48.9576],[2.32269,48.95753],[2.32062,48.95813],[2.31987,48.95845],[2.31977,48.95847],[2.31909,48.95894],[2.31884,48.95905],[2.31795,48.95953],[2.31628,48.96048],[2.31561,48.96088],[2.3134,48.96212],[2.31306,48.96233],[2.31301,48.96241],[2.31098,48.96216],[2.31089,48.962],[2.31069,48.96187],[2.31037,48.96175],[2.31018,48.96195],[2.30984,48.96222],[2.30935,48.9627],[2.30894,48.96351],[2.30838,48.9633],[2.30752,48.96293],[2.30714,48.96274],[2.30677,48.963],[2.30509,48.96222],[2.30354,48.96367],[2.30311,48.96404],[2.3019,48.96494],[2.3015,48.96527],[2.30115,48.96548],[2.3005,48.96573],[2.30007,48.96585],[2.29922,48.96615],[2.29888,48.96631],[2.29856,48.96616],[2.29491,48.96421],[2.29272,48.96304],[2.29209,48.96273],[2.29033,48.96171],[2.28893,48.95944],[2.28833,48.95838],[2.28963,48.95603],[2.29194,48.95198],[2.29222,48.95147],[2.29081,48.95109],[2.28796,48.95076],[2.28546,48.95042],[2.28505,48.95037],[2.28149,48.94976],[2.279,48.94904],[2.27508,48.948],[2.27247,48.9474],[2.27067,48.94706],[2.26969,48.94682],[2.26909,48.94669],[2.26861,48.94654],[2.26815,48.94634],[2.26715,48.94593],[2.26671,48.94573],[2.26518,48.94498],[2.2636,48.94439],[2.26316,48.9442],[2.26178,48.94376],[2.26092,48.94344],[2.26027,48.94314],[2.25982,48.94295],[2.25863,48.94236],[2.25791,48.94192],[2.25708,48.94137],[2.25607,48.9406],[2.25558,48.94019],[2.25527,48.94007],[2.25373,48.93944],[2.25289,48.93911],[2.2517,48.93861],[2.251,48.93832],[2.25034,48.93803],[2.24905,48.93741],[2.24856,48.93721],[2.24756,48.93674],[2.24727,48.9366],[2.24587,48.93583],[2.24458,48.93485],[2.2442,48.93459],[2.2435,48.93405],[2.24264,48.93342],[2.24177,48.93285],[2.23888,48.93156],[2.23768,48.93109],[2.23687,48.93072],[2.23609,48.9304],[2.23494,48.92978],[2.23301,48.92877],[2.23175,48.92808],[2.23114,48.92773],[2.23027,48.92713],[2.22784,48.9255],[2.22675,48.92474],[2.2246,48.92329],[2.22297,48.92224],[2.2204,48.92061],[2.2191,48.91979],[2.21672,48.91822],[2.21547,48.91741],[2.2142,48.91656],[2.21317,48.9157],[2.21257,48.9151],[2.21214,48.9147],[2.2112,48.91398],[2.211,48.91386],[2.20972,48.91299],[2.20829,48.91206],[2.20767,48.91169],[2.2068,48.91124],[2.20598,48.91084],[2.20447,48.91024],[2.20357,48.9099],[2.2022,48.90933],[2.20121,48.90896],[2.20047,48.90863],[2.19821,48.91205],[2.20386,48.91454],[2.20082,48.91801],[2.19919,48.91897],[2.20239,48.92098],[2.20517,48.92203],[2.20307,48.92741],[2.20251,48.93032],[2.19928,48.93527],[2.20102,48.93609],[2.20164,48.93772],[2.20299,48.93775],[2.20278,48.93996],[2.20609,48.94065],[2.20536,48.9421],[2.20627,48.94612],[2.20587,48.94986],[2.20058,48.95036],[2.20037,48.94969],[2.19382,48.95058],[2.18971,48.95046],[2.1902,48.95177],[2.18401,48.95332],[2.1817,48.95357],[2.17795,48.95456],[2.17574,48.95213],[2.17333,48.95348],[2.1755,48.95534],[2.1775,48.95784],[2.17822,48.95964],[2.1782,48.96388],[2.17905,48.96609],[2.17717,48.9675],[2.1761,48.96998],[2.17527,48.97358],[2.17055,48.97839],[2.16602,48.98111],[2.16411,48.98238],[2.16157,48.98297],[2.15634,48.9849],[2.1557,48.98559],[2.15047,48.98646],[2.14831,48.9865],[2.14265,48.98794],[2.127,48.98924],[2.12364,48.99166],[2.12401,48.99359],[2.12071,48.9933],[2.12105,48.99548],[2.12356,49.00369],[2.12712,49.00967],[2.1267,49.0122],[2.12125,49.01833],[2.12099,49.0181],[2.1132,49.01212],[2.11059,49.01035],[2.11023,49.00874],[2.10545,49.00956],[2.09931,49.01092],[2.08486,49.01455],[2.08266,49.00945],[2.0784,49.00746],[2.07482,49.00656],[2.07529,49.0021],[2.07171,49.0014],[2.07009,49.00386],[2.06754,49.00622],[2.06413,49.00846],[2.05696,49.00538],[2.05463,49.00514],[2.05105,49.00381],[2.04938,49.00257],[2.04279,49.00059],[2.04146,49.00138],[2.03662,49.00169],[2.02862,49.00166],[2.02589,49.00041],[2.02605,48.99984],[2.02365,48.99795],[2.02072,48.9992],[2.01329,49.00127],[2.01187,49.00359],[2.01198,49.0046],[2.00728,49.00836],[2.00452,49.01019],[1.99621,49.01739],[1.99219,49.02105],[1.98268,49.01924],[1.97883,49.01898],[1.97413,49.01948],[1.97252,49.02057],[1.96685,49.02258],[1.96406,49.02539],[1.96135,49.02314],[1.95673,49.02182],[1.95542,49.0229],[1.9549,49.02472],[1.94952,49.02429],[1.94847,49.0265],[1.94644,49.02648],[1.94539,49.0257],[1.94446,49.02379],[1.94262,49.02399],[1.93789,49.02189],[1.93488,49.02483],[1.93445,49.02572],[1.92669,49.03221],[1.9235,49.03504],[1.92233,49.03505],[1.918,49.03744],[1.91837,49.03796],[1.91649,49.03961],[1.91232,49.04147],[1.91413,49.04578],[1.9119,49.04644],[1.90846,49.04818],[1.90572,49.04716],[1.90659,49.04611],[1.90082,49.04335],[1.90176,49.04221],[1.89114,49.03931],[1.89417,49.03729],[1.88699,49.03541],[1.88328,49.03371],[1.88457,49.03105],[1.88227,49.02823],[1.88172,49.02606],[1.88174,49.01973],[1.87986,49.01999],[1.87755,49.01937],[1.87564,49.01742],[1.87374,49.01784],[1.87054,49.01954],[1.86684,49.01632],[1.86138,49.01401],[1.85928,49.01384],[1.86052,49.01533],[1.86016,49.01725],[1.86143,49.0184],[1.86289,49.02071],[1.86517,49.02172],[1.86236,49.02318],[1.85927,49.02383],[1.85982,49.02743],[1.8588,49.0324],[1.855,49.03254],[1.85108,49.03329],[1.85186,49.03537],[1.8553,49.03507],[1.85515,49.03663],[1.85786,49.04048],[1.85909,49.04157],[1.86122,49.04915],[1.86506,49.05749],[1.86241,49.05922],[1.85844,49.06001],[1.85445,49.06211],[1.85155,49.06284],[1.85045,49.06216],[1.84737,49.06204],[1.84636,49.06124],[1.84427,49.06324],[1.84092,49.0646],[1.84135,49.0653],[1.84057,49.06934],[1.8391,49.06977],[1.83507,49.07322],[1.83217,49.07424],[1.82848,49.07627],[1.82343,49.0763],[1.81521,49.07643],[1.81438,49.0753],[1.81092,49.07315],[1.80549,49.07332],[1.80418,49.07382],[1.79682,49.07207],[1.79856,49.06669],[1.79961,49.06669],[1.79996,49.06433],[1.79508,49.06337],[1.79727,49.06242],[1.79263,49.06067],[1.79435,49.05856],[1.79093,49.05779],[1.78929,49.0579]]]},"properties":{"dep":"95","code":"95","nom":"95"}},{"type":"Feature","geometry":{"type":"MultiPolygon","coordinates":[[[[1.75232,49.68106],[1.74502,49.69823],[1.73334,49.69908],[1.72425,49.69407],[1.71806,49.68513],[1.7052,49.6813],[1.68885,49.69531],[1.70087,49.70205],[1.71271,49.70499],[1.71481,49.71383],[1.71214,49.73272],[1.72324,49.73017],[1.74289,49.73842],[1.74589,49.73874],[1.74026,49.7496],[1.74976,49.76386],[1.76505,49.75664],[1.79089,49.75761],[1.78994,49.75376],[1.79415,49.75002],[1.80922,49.75445],[1.82072,49.73918],[1.83949,49.7393],[1.83969,49.73108],[1.82043,49.72266],[1.83776,49.71822],[1.83799,49.70897],[1.84906,49.70171],[1.86803,49.7042],[1.88105,49.69768],[1.89453,49.69958],[1.91554,49.71314],[1.93529,49.7197],[1.93621,49.71533],[1.94876,49.7007],[1.95913,49.70686],[1.96424,49.71651],[1.97135,49.71609],[1.97805,49.70973],[2.00008,49.71285],[2.01609,49.70789],[2.02819,49.71088],[2.03493,49.70512],[2.04407,49.70299],[2.04668,49.69688],[2.05501,49.6987],[2.06035,49.69256],[2.04827,49.68824],[2.05095,49.68634],[2.06538,49.68311],[2.07501,49.68716],[2.08156,49.69386],[2.09117,49.69109],[2.10347,49.69477],[2.1157,49.69289],[2.12421,49.68786],[2.13986,49.69105],[2.14676,49.69859],[2.16264,49.70297],[2.17609,49.70162],[2.1921,49.70277],[2.20362,49.69827],[2.2196,49.7024],[2.23267,49.70209],[2.24712,49.70172],[2.24973,49.69732],[2.28333,49.69027],[2.2901,49.68458],[2.30177,49.68105],[2.31701,49.68758],[2.33189,49.68169],[2.3338,49.67099],[2.35172,49.66299],[2.3553,49.66426],[2.37351,49.65622],[2.3884,49.65586],[2.40541,49.6618],[2.42137,49.65744],[2.44542,49.65304],[2.44944,49.6472],[2.45265,49.641],[2.45346,49.63543],[2.46763,49.63709],[2.47391,49.63274],[2.46478,49.62694],[2.47786,49.62066],[2.48689,49.6262],[2.48841,49.63139],[2.50426,49.63921],[2.50676,49.63475],[2.52148,49.62694],[2.53863,49.62428],[2.53727,49.6205],[2.55077,49.61702],[2.56746,49.61647],[2.55917,49.60825],[2.5679,49.60333],[2.5718,49.59714],[2.58178,49.59932],[2.59159,49.60884],[2.60911,49.60769],[2.61586,49.61237],[2.63309,49.59881],[2.62832,49.5967],[2.6279,49.58547],[2.6287,49.58155],[2.6487,49.57229],[2.66505,49.57718],[2.67084,49.58147],[2.66999,49.59163],[2.67421,49.60006],[2.67568,49.60654],[2.68809,49.61401],[2.68975,49.62238],[2.69985,49.62638],[2.70943,49.62649],[2.72093,49.62164],[2.72727,49.62637],[2.73883,49.62726],[2.75726,49.62109],[2.75965,49.61773],[2.77553,49.61507],[2.78651,49.61209],[2.79514,49.61656],[2.79904,49.62052],[2.79574,49.62977],[2.78957,49.63815],[2.79354,49.65573],[2.80242,49.65877],[2.82117,49.6592],[2.82779,49.66255],[2.84333,49.65849],[2.85005,49.66229],[2.84751,49.67222],[2.85908,49.67891],[2.85714,49.68371],[2.8728,49.68456],[2.87744,49.6785],[2.88855,49.67096],[2.88842,49.68217],[2.88692,49.68851],[2.87968,49.69017],[2.86632,49.70265],[2.88687,49.71056],[2.89255,49.69882],[2.90566,49.69963],[2.91376,49.70431],[2.93012,49.68795],[2.92537,49.68347],[2.93474,49.67682],[2.94861,49.67506],[2.95385,49.66633],[2.956,49.67799],[2.94963,49.68077],[2.94848,49.69421],[2.96189,49.69342],[2.97429,49.6975],[2.98303,49.70406],[2.99696,49.70771],[3.00563,49.70229],[3.00803,49.69301],[3.01798,49.69075],[3.01638,49.6853],[3.02824,49.67994],[3.0332,49.68311],[3.04019,49.69245],[3.05546,49.69359],[3.05844,49.70522],[3.05339,49.71005],[3.06544,49.71419],[3.08489,49.70794],[3.07817,49.69492],[3.07972,49.69177],[3.09287,49.69983],[3.09667,49.70582],[3.11832,49.70597],[3.12495,49.6961],[3.11549,49.68123],[3.12419,49.67689],[3.12736,49.66957],[3.10856,49.66443],[3.108,49.65807],[3.09751,49.6568],[3.09645,49.65054],[3.10557,49.65014],[3.11301,49.63937],[3.11281,49.63131],[3.09586,49.6232],[3.0936,49.62249],[3.10221,49.61568],[3.12249,49.60208],[3.1239,49.59596],[3.12824,49.59414],[3.13768,49.57856],[3.12649,49.5729],[3.12596,49.56476],[3.1335,49.55853],[3.12785,49.55208],[3.13171,49.54396],[3.12597,49.54216],[3.12817,49.52756],[3.12149,49.52082],[3.09596,49.518],[3.10014,49.50591],[3.10638,49.50375],[3.11657,49.49502],[3.12181,49.49382],[3.12437,49.48013],[3.11273,49.47823],[3.10531,49.47322],[3.10732,49.46821],[3.12978,49.46189],[3.15531,49.4541],[3.16555,49.44705],[3.16514,49.44084],[3.1314,49.4316],[3.12047,49.43133],[3.10882,49.43873],[3.10051,49.4393],[3.09314,49.43263],[3.09341,49.4246],[3.09411,49.42098],[3.09791,49.41019],[3.09548,49.39815],[3.09028,49.39837],[3.09366,49.3857],[3.08945,49.37769],[3.08043,49.37397],[3.0771,49.37147],[3.07692,49.35559],[3.06883,49.34748],[3.06146,49.34541],[3.04261,49.33294],[3.03626,49.32558],[3.03381,49.33104],[3.0126,49.33714],[3.00165,49.34028],[2.99334,49.33312],[2.96453,49.32159],[2.98032,49.31125],[2.97409,49.30433],[2.97008,49.30268],[2.98418,49.29964],[2.99403,49.29453],[2.99595,49.28702],[3.00873,49.2928],[3.01354,49.28918],[3.01363,49.28196],[3.0252,49.28793],[3.03749,49.28632],[3.03581,49.27869],[3.02749,49.2717],[3.03103,49.26684],[3.02572,49.25937],[3.03214,49.25392],[3.03371,49.24376],[3.03356,49.24295],[3.04081,49.23218],[3.03697,49.22224],[3.01447,49.22328],[3.01289,49.23207],[3.00178,49.23559],[2.96438,49.23189],[2.95899,49.2286],[2.96196,49.21837],[2.96983,49.21041],[2.96755,49.2048],[2.97278,49.19808],[2.96766,49.19176],[2.97175,49.18795],[2.98116,49.18464],[2.989,49.18852],[2.99663,49.18688],[3.0058,49.18296],[3.01616,49.18271],[3.02267,49.17091],[3.03801,49.16913],[3.03489,49.18363],[3.03004,49.18303],[3.02607,49.19297],[3.01273,49.18457],[3.00233,49.18815],[2.99992,49.19655],[3.00258,49.2063],[3.00036,49.21369],[3.01768,49.21703],[3.02934,49.21383],[3.03508,49.2058],[3.04737,49.20984],[3.0521,49.20658],[3.06375,49.19303],[3.08088,49.19452],[3.08516,49.18408],[3.08161,49.17796],[3.08384,49.16297],[3.09226,49.18948],[3.10047,49.19198],[3.10256,49.19744],[3.11718,49.18946],[3.11586,49.18176],[3.10786,49.16995],[3.11628,49.16969],[3.12172,49.16158],[3.14268,49.16216],[3.13675,49.15126],[3.12753,49.14505],[3.10538,49.14799],[3.10511,49.14797],[3.11697,49.13856],[3.11113,49.13169],[3.09409,49.14239],[3.09114,49.13796],[3.09662,49.13148],[3.08382,49.12091],[3.07656,49.12197],[3.07196,49.11776],[3.06948,49.11756],[3.06744,49.11412],[3.06731,49.11177],[3.06554,49.11177],[3.06483,49.11033],[3.06336,49.10983],[3.0626,49.10659],[3.05926,49.10372],[3.05919,49.10249],[3.05621,49.10194],[3.05554,49.09655],[3.05688,49.09593],[3.05736,49.09395],[3.05984,49.09208],[3.05962,49.09093],[3.06292,49.09057],[3.06495,49.08721],[3.06602,49.08681],[3.06614,49.08519],[3.06502,49.08516],[3.06061,49.08698],[3.05848,49.08853],[3.0572,49.08707],[3.05513,49.08832],[3.05414,49.08649],[3.05452,49.08578],[3.05083,49.08499],[3.05002,49.08607],[3.04704,49.08668],[3.04099,49.08728],[3.03967,49.08638],[3.03417,49.08853],[3.03289,49.08894],[3.0317,49.08566],[3.02445,49.08769],[3.02237,49.08881],[3.0155,49.09132],[3.00854,49.09161],[3.00604,49.0864],[3.00405,49.08868],[3.00183,49.08866],[3.00085,49.08946],[2.9994,49.08738],[2.99638,49.08769],[2.99536,49.0855],[2.99439,49.0855],[2.99118,49.084],[2.98843,49.07953],[2.98772,49.07666],[2.9883,49.07204],[2.98683,49.07088],[2.98334,49.072],[2.98285,49.07109],[2.97939,49.07284],[2.97756,49.07223],[2.97726,49.07433],[2.97531,49.07394],[2.97461,49.07503],[2.97505,49.07631],[2.97397,49.07965],[2.97179,49.08372],[2.97253,49.08535],[2.97017,49.08628],[2.97142,49.08897],[2.96808,49.08966],[2.96862,49.0915],[2.9652,49.09111],[2.96056,49.08809],[2.95881,49.08782],[2.95649,49.08529],[2.95131,49.08655],[2.94835,49.08686],[2.94582,49.08832],[2.94442,49.08555],[2.94451,49.0826],[2.94285,49.07828],[2.94149,49.07726],[2.93759,49.07797],[2.93661,49.07889],[2.93406,49.07906],[2.93481,49.08095],[2.93299,49.08101],[2.92585,49.07806],[2.92329,49.07759],[2.92137,49.07889],[2.91589,49.08023],[2.91136,49.08212],[2.90645,49.08317],[2.90144,49.08534],[2.89703,49.07958],[2.89571,49.07725],[2.89496,49.07706],[2.88755,49.0795],[2.88545,49.07858],[2.88361,49.07613],[2.88033,49.07594],[2.87957,49.07382],[2.87689,49.07442],[2.87595,49.07409],[2.87342,49.07166],[2.87193,49.07206],[2.87016,49.0701],[2.86636,49.07069],[2.86135,49.07061],[2.85612,49.07009],[2.85436,49.07145],[2.85504,49.07349],[2.84888,49.07903],[2.84843,49.08166],[2.84508,49.08483],[2.84139,49.08462],[2.83718,49.08327],[2.833,49.08305],[2.82971,49.08365],[2.82817,49.08446],[2.8224,49.08623],[2.81997,49.08741],[2.80921,49.09753],[2.80384,49.09542],[2.79858,49.09287],[2.79551,49.09217],[2.79355,49.09073],[2.79165,49.09027],[2.78756,49.08913],[2.78387,49.0889],[2.78806,49.08515],[2.78913,49.083],[2.7845,49.08308],[2.7797,49.08281],[2.77122,49.08401],[2.76872,49.08313],[2.77299,49.08127],[2.77749,49.07888],[2.78301,49.07757],[2.78728,49.07553],[2.78339,49.07351],[2.77788,49.07026],[2.7744,49.07051],[2.77111,49.06796],[2.76926,49.06732],[2.76627,49.06478],[2.76096,49.06312],[2.75379,49.06078],[2.75181,49.06103],[2.74248,49.06098],[2.74029,49.06112],[2.73482,49.06053],[2.73312,49.06276],[2.73265,49.06626],[2.73302,49.06728],[2.73181,49.06866],[2.73231,49.07046],[2.73088,49.07212],[2.72983,49.075],[2.72493,49.07564],[2.724,49.07824],[2.72418,49.08067],[2.72033,49.07959],[2.72017,49.07685],[2.72097,49.07515],[2.71584,49.07162],[2.71414,49.07009],[2.70913,49.06771],[2.70619,49.06531],[2.70305,49.06478],[2.69833,49.06447],[2.69204,49.06653],[2.68972,49.06757],[2.69109,49.07059],[2.6919,49.07185],[2.69504,49.075],[2.68318,49.08202],[2.67816,49.08608],[2.67753,49.08819],[2.67315,49.09109],[2.66594,49.09308],[2.66293,49.09355],[2.66133,49.09677],[2.65864,49.09603],[2.6562,49.09856],[2.65048,49.10087],[2.64586,49.10018],[2.64112,49.09912],[2.64082,49.10109],[2.63543,49.10199],[2.63651,49.1036],[2.63518,49.1047],[2.63638,49.10666],[2.63323,49.10857],[2.63186,49.10659],[2.63178,49.10472],[2.63022,49.1025],[2.62421,49.10059],[2.62499,49.099],[2.62209,49.0948],[2.61938,49.09463],[2.61548,49.09392],[2.61005,49.09497],[2.61021,49.09289],[2.60722,49.08928],[2.60287,49.08567],[2.60005,49.08424],[2.5974,49.08155],[2.59605,49.08181],[2.5903,49.0799],[2.58661,49.07983],[2.58298,49.08067],[2.58269,49.08245],[2.5789,49.08425],[2.57981,49.08679],[2.57774,49.08782],[2.58013,49.08984],[2.57293,49.09428],[2.57102,49.09513],[2.5679,49.09476],[2.56522,49.09486],[2.56426,49.0963],[2.56235,49.09778],[2.56089,49.09699],[2.55959,49.09754],[2.55793,49.09872],[2.55753,49.10023],[2.55793,49.10428],[2.55595,49.10938],[2.55343,49.11053],[2.55175,49.11243],[2.55501,49.11673],[2.55622,49.11904],[2.557,49.12185],[2.55694,49.12373],[2.55332,49.12456],[2.54991,49.12255],[2.54768,49.12035],[2.54713,49.11638],[2.54161,49.11664],[2.53956,49.11644],[2.5393,49.11756],[2.53774,49.1178],[2.53911,49.11934],[2.54241,49.1193],[2.54398,49.1201],[2.54406,49.12127],[2.54207,49.12225],[2.53852,49.12176],[2.53675,49.12011],[2.53296,49.11951],[2.53126,49.09946],[2.52678,49.10088],[2.52015,49.102],[2.51039,49.1043],[2.50981,49.10359],[2.50505,49.10376],[2.50007,49.10448],[2.49899,49.10491],[2.49384,49.10552],[2.49007,49.10625],[2.49137,49.11042],[2.49122,49.11142],[2.50301,49.11767],[2.49908,49.12224],[2.48729,49.12565],[2.47531,49.12846],[2.47751,49.13098],[2.4753,49.13098],[2.47175,49.13508],[2.46756,49.13501],[2.4676,49.1361],[2.46129,49.13614],[2.46114,49.13674],[2.46247,49.13926],[2.45893,49.14085],[2.45696,49.14054],[2.45374,49.13861],[2.4477,49.13601],[2.44202,49.1349],[2.44031,49.13418],[2.43756,49.13441],[2.43548,49.13405],[2.4389,49.14164],[2.44078,49.14591],[2.43711,49.14667],[2.43526,49.14769],[2.4247,49.14955],[2.41954,49.14945],[2.41554,49.14989],[2.41561,49.15178],[2.41312,49.15242],[2.40428,49.1519],[2.39989,49.15078],[2.3913,49.14931],[2.3835,49.15551],[2.38102,49.15772],[2.37636,49.15904],[2.37331,49.15937],[2.37109,49.15926],[2.36928,49.15616],[2.36661,49.15528],[2.3663,49.1539],[2.36487,49.15355],[2.36487,49.15229],[2.36221,49.15254],[2.36177,49.15019],[2.35934,49.14733],[2.35509,49.14926],[2.35342,49.15116],[2.35488,49.15175],[2.35535,49.15328],[2.35051,49.15722],[2.34595,49.16235],[2.3413,49.16489],[2.33554,49.17066],[2.32604,49.17767],[2.32582,49.17873],[2.32063,49.18129],[2.31955,49.18242],[2.32159,49.18437],[2.31929,49.18507],[2.31321,49.18584],[2.3108,49.18675],[2.31043,49.18499],[2.30621,49.18483],[2.30445,49.18394],[2.30127,49.18404],[2.3001,49.18124],[2.29952,49.17596],[2.29663,49.17621],[2.29568,49.17333],[2.29415,49.17171],[2.29018,49.17154],[2.28881,49.17071],[2.28949,49.16804],[2.28697,49.16718],[2.28756,49.16589],[2.28509,49.16571],[2.28548,49.16159],[2.28648,49.15987],[2.28296,49.15967],[2.2812,49.15886],[2.27671,49.15898],[2.2704,49.15703],[2.26817,49.15575],[2.26215,49.15838],[2.25876,49.15578],[2.25378,49.15263],[2.25036,49.15349],[2.24187,49.15342],[2.24132,49.15159],[2.23881,49.15198],[2.23211,49.15143],[2.2293,49.15153],[2.2223,49.15226],[2.21685,49.15413],[2.22307,49.1597],[2.22425,49.16238],[2.22922,49.1638],[2.23433,49.16603],[2.23475,49.16726],[2.2315,49.17049],[2.22626,49.17254],[2.22377,49.17399],[2.21982,49.17959],[2.21749,49.17973],[2.21208,49.17653],[2.20632,49.17459],[2.20125,49.17415],[2.19905,49.1753],[2.19601,49.17342],[2.19433,49.17314],[2.19165,49.17362],[2.18906,49.17313],[2.18682,49.17342],[2.18244,49.17441],[2.18195,49.17368],[2.17609,49.17603],[2.17495,49.175],[2.17801,49.17428],[2.17984,49.17321],[2.18225,49.17038],[2.17928,49.17082],[2.17532,49.16954],[2.17147,49.16786],[2.17043,49.16636],[2.17055,49.16436],[2.16879,49.16395],[2.16804,49.16485],[2.16383,49.1663],[2.16203,49.16868],[2.15803,49.17263],[2.16067,49.17437],[2.1615,49.176],[2.16502,49.17892],[2.16405,49.17977],[2.1617,49.17959],[2.15916,49.18152],[2.15238,49.18382],[2.14805,49.18503],[2.14728,49.18805],[2.14124,49.18589],[2.14131,49.18357],[2.14076,49.17892],[2.13648,49.17901],[2.13684,49.18135],[2.13515,49.1883],[2.13522,49.19118],[2.13184,49.19066],[2.13,49.19156],[2.13065,49.19253],[2.12798,49.19359],[2.12549,49.19285],[2.125,49.19058],[2.12232,49.18896],[2.11856,49.1874],[2.11334,49.18654],[2.11104,49.18698],[2.1097,49.18879],[2.10951,49.19076],[2.10362,49.18891],[2.10206,49.19044],[2.09772,49.18917],[2.09532,49.19011],[2.09583,49.19164],[2.09247,49.19341],[2.09228,49.19418],[2.08905,49.19378],[2.0889,49.19615],[2.09265,49.19532],[2.09253,49.19747],[2.09033,49.19823],[2.09218,49.2012],[2.09046,49.20169],[2.09137,49.20499],[2.09036,49.20606],[2.09093,49.20864],[2.08792,49.20913],[2.0871,49.20773],[2.08471,49.20587],[2.08236,49.20566],[2.08267,49.20685],[2.08069,49.20694],[2.08074,49.21072],[2.07726,49.20991],[2.0771,49.20874],[2.07481,49.20884],[2.07263,49.20618],[2.07214,49.20434],[2.06684,49.20286],[2.05579,49.19894],[2.04732,49.19869],[2.04623,49.19642],[2.04281,49.19439],[2.03824,49.19238],[2.038,49.19217],[2.03463,49.18961],[2.02842,49.18796],[2.02566,49.18883],[2.02178,49.18881],[2.00474,49.17719],[2.00268,49.17602],[1.99912,49.17541],[1.9962,49.17681],[1.99086,49.17661],[1.98864,49.17786],[1.98794,49.17902],[1.9832,49.18014],[1.98131,49.18165],[1.97644,49.1833],[1.97358,49.18386],[1.97167,49.18138],[1.96473,49.17693],[1.96236,49.1746],[1.96002,49.17349],[1.95255,49.17148],[1.94974,49.17048],[1.94535,49.17152],[1.94233,49.17],[1.93886,49.17061],[1.93485,49.16996],[1.93437,49.17354],[1.93251,49.17501],[1.93117,49.17426],[1.92645,49.17342],[1.92437,49.1736],[1.92383,49.17244],[1.92146,49.17238],[1.91498,49.17093],[1.90693,49.16864],[1.89471,49.16609],[1.89511,49.16503],[1.89012,49.16411],[1.88975,49.16502],[1.88687,49.16416],[1.88744,49.16302],[1.88295,49.16258],[1.88367,49.16609],[1.8823,49.16795],[1.88086,49.1673],[1.8767,49.17142],[1.87614,49.17505],[1.87346,49.17408],[1.86782,49.17183],[1.86731,49.17205],[1.85822,49.16996],[1.85654,49.172],[1.8551,49.17194],[1.85103,49.17053],[1.84889,49.17059],[1.84519,49.16996],[1.84468,49.17066],[1.83873,49.16684],[1.83642,49.1645],[1.83431,49.16517],[1.83596,49.17014],[1.83738,49.1716],[1.83745,49.1728],[1.83472,49.17446],[1.83423,49.17591],[1.83253,49.17601],[1.83077,49.17726],[1.82811,49.17835],[1.82682,49.17965],[1.82352,49.17872],[1.81952,49.17695],[1.81921,49.17588],[1.81565,49.17495],[1.81596,49.17387],[1.81178,49.17397],[1.8113,49.17493],[1.81448,49.17613],[1.81308,49.17834],[1.80629,49.18013],[1.80355,49.17996],[1.80355,49.18095],[1.80026,49.18041],[1.80121,49.18178],[1.80331,49.18185],[1.80308,49.18511],[1.79701,49.18523],[1.79547,49.18526],[1.79399,49.18273],[1.79363,49.18027],[1.79095,49.17997],[1.7897,49.18179],[1.78863,49.18149],[1.78637,49.18308],[1.7867,49.18416],[1.7848,49.18582],[1.78298,49.18504],[1.77752,49.18403],[1.77696,49.185],[1.77639,49.18488],[1.77686,49.18415],[1.76695,49.18003],[1.75486,49.17459],[1.7424,49.17984],[1.7401,49.18081],[1.74429,49.18331],[1.741,49.18567],[1.74109,49.18837],[1.73989,49.19208],[1.73645,49.19283],[1.73727,49.19479],[1.72913,49.19522],[1.72587,49.19433],[1.72481,49.19987],[1.72253,49.20097],[1.72208,49.2025],[1.71989,49.20154],[1.71841,49.20279],[1.71553,49.20266],[1.71599,49.20433],[1.71487,49.20744],[1.72022,49.20681],[1.72198,49.21001],[1.72287,49.20968],[1.72935,49.20975],[1.72989,49.21028],[1.73368,49.21096],[1.73226,49.21563],[1.73568,49.21609],[1.73411,49.22128],[1.73591,49.22229],[1.74046,49.22367],[1.73837,49.22406],[1.73798,49.22539],[1.73621,49.22628],[1.73328,49.22654],[1.73215,49.22812],[1.72966,49.2292],[1.72534,49.22983],[1.7153,49.23339],[1.71434,49.23262],[1.71212,49.23302],[1.71316,49.23479],[1.71323,49.23693],[1.71237,49.23902],[1.71259,49.24125],[1.70939,49.24149],[1.70964,49.23867],[1.70835,49.23592],[1.70705,49.23581],[1.70525,49.23438],[1.70435,49.23243],[1.69896,49.23501],[1.70149,49.24246],[1.70123,49.25182],[1.7065,49.25424],[1.71155,49.26448],[1.72619,49.26477],[1.73644,49.27032],[1.75039,49.26751],[1.75441,49.26999],[1.75904,49.26276],[1.765,49.26341],[1.76694,49.25204],[1.7903,49.24682],[1.79042,49.24694],[1.78943,49.25369],[1.8024,49.2735],[1.7914,49.28818],[1.7844,49.29321],[1.77193,49.29397],[1.77531,49.2984],[1.77211,49.31407],[1.76726,49.31589],[1.77079,49.326],[1.77419,49.33751],[1.75805,49.35703],[1.75953,49.36822],[1.75033,49.37065],[1.74498,49.38034],[1.73621,49.38376],[1.73011,49.39068],[1.71994,49.39549],[1.72717,49.39749],[1.74049,49.40559],[1.72084,49.40573],[1.71403,49.40933],[1.72354,49.43463],[1.73999,49.44909],[1.75213,49.45366],[1.74752,49.45952],[1.76598,49.46602],[1.77656,49.47312],[1.77199,49.48495],[1.77914,49.49085],[1.78899,49.49043],[1.79078,49.49801],[1.78755,49.50653],[1.76824,49.51209],[1.75714,49.50955],[1.75084,49.50376],[1.75264,49.49735],[1.7467,49.48996],[1.74008,49.49939],[1.72534,49.49968],[1.71646,49.50377],[1.72154,49.51113],[1.7377,49.52001],[1.73532,49.52495],[1.74416,49.52919],[1.74488,49.53955],[1.7228,49.54424],[1.73,49.5614],[1.71449,49.57718],[1.72222,49.58905],[1.72085,49.59003],[1.70892,49.58706],[1.70882,49.59494],[1.69513,49.59974],[1.70591,49.60637],[1.71065,49.6126],[1.71787,49.61468],[1.72152,49.62317],[1.71728,49.6331],[1.69865,49.64453],[1.70839,49.64632],[1.71279,49.65482],[1.7225,49.66161],[1.72288,49.67235],[1.7338,49.6739],[1.75232,49.68106]]],[[[2.98174,49.2168],[2.99791,49.22363],[3.00376,49.21892],[2.99021,49.21068],[2.98174,49.2168]]]]},"properties":{"dep":"60","code":"60","nom":"60"}},{"type":"Feature","geometry":{"type":"Polygon","coordinates":[[[3.98669,49.379],[3.97254,49.37945],[3.96148,49.37734],[3.94607,49.38763],[3.93472,49.39841],[3.92467,49.40782],[3.91546,49.40334],[3.90983,49.39477],[3.89568,49.39294],[3.89338,49.39908],[3.88188,49.40508],[3.86842,49.40655],[3.86245,49.40454],[3.84631,49.40053],[3.82258,49.40254],[3.8235,49.40041],[3.83747,49.39655],[3.83959,49.391],[3.85986,49.38615],[3.85635,49.38117],[3.8595,49.37474],[3.85606,49.36835],[3.84792,49.36435],[3.85874,49.35412],[3.85284,49.34497],[3.83292,49.35022],[3.82394,49.3574],[3.80223,49.35891],[3.79324,49.35673],[3.77961,49.35195],[3.77773,49.35598],[3.75767,49.34772],[3.74647,49.34815],[3.74081,49.34761],[3.74217,49.33682],[3.73635,49.33587],[3.72114,49.33584],[3.69913,49.33221],[3.69327,49.32876],[3.68748,49.32711],[3.66939,49.32511],[3.66518,49.3198],[3.6476,49.31595],[3.64394,49.31271],[3.64362,49.30303],[3.63822,49.30124],[3.64179,49.29664],[3.65595,49.29108],[3.659,49.28677],[3.65161,49.27836],[3.66513,49.26943],[3.65532,49.26298],[3.66985,49.24336],[3.67503,49.24008],[3.67826,49.23523],[3.66878,49.23166],[3.66571,49.22298],[3.65148,49.22148],[3.65655,49.21129],[3.66254,49.20898],[3.67857,49.20686],[3.67702,49.1998],[3.68352,49.19737],[3.69748,49.20664],[3.70466,49.20066],[3.69662,49.19406],[3.69929,49.18809],[3.70685,49.18592],[3.70649,49.18031],[3.72544,49.17352],[3.73011,49.17831],[3.75129,49.17778],[3.7485,49.17168],[3.74876,49.15864],[3.73957,49.15689],[3.71697,49.14698],[3.70645,49.14531],[3.698,49.14871],[3.68384,49.15449],[3.67255,49.15084],[3.65119,49.14903],[3.62445,49.15135],[3.62116,49.1498],[3.61959,49.14757],[3.62069,49.13944],[3.60994,49.13489],[3.61189,49.12869],[3.59967,49.12068],[3.60294,49.11458],[3.61204,49.11829],[3.62012,49.10733],[3.62755,49.09267],[3.63926,49.08118],[3.63192,49.07224],[3.62383,49.07078],[3.60742,49.07191],[3.60209,49.06302],[3.59036,49.06],[3.58771,49.0594],[3.58513,49.03899],[3.58761,49.03381],[3.6169,49.03647],[3.63009,49.03959],[3.64504,49.03983],[3.64999,49.0429],[3.66418,49.03755],[3.67381,49.0216],[3.67907,49.01817],[3.67495,49.01173],[3.66531,49.00563],[3.65467,49.0038],[3.64026,49.00437],[3.62365,48.9829],[3.62706,48.98103],[3.62107,48.96608],[3.60131,48.96627],[3.59141,48.96045],[3.60179,48.95347],[3.60291,48.94403],[3.59341,48.94469],[3.57475,48.93921],[3.57298,48.9287],[3.57641,48.92325],[3.57248,48.91862],[3.56002,48.91701],[3.54952,48.91302],[3.54313,48.91541],[3.52875,48.91225],[3.5201,48.90146],[3.50829,48.89046],[3.509,48.88529],[3.50295,48.87141],[3.48139,48.86617],[3.48687,48.85735],[3.48502,48.85185],[3.47022,48.85118],[3.46818,48.84769],[3.46619,48.8426],[3.46266,48.83981],[3.46281,48.83743],[3.46069,48.83949],[3.46052,48.84082],[3.45892,48.84147],[3.45555,48.84195],[3.45213,48.84188],[3.44789,48.84261],[3.44582,48.84327],[3.44574,48.84721],[3.44673,48.84834],[3.45053,48.84894],[3.45048,48.84994],[3.44879,48.851],[3.44847,48.85294],[3.45213,48.85614],[3.44946,48.85825],[3.44737,48.85905],[3.44577,48.86053],[3.4428,48.86036],[3.43786,48.8606],[3.43562,48.85974],[3.4329,48.85961],[3.42607,48.86341],[3.4248,48.8662],[3.42327,48.86753],[3.42098,48.86744],[3.4199,48.86617],[3.41793,48.86533],[3.41545,48.86579],[3.41339,48.86398],[3.41085,48.86449],[3.4082,48.86322],[3.40439,48.864],[3.39974,48.86632],[3.40158,48.87056],[3.40374,48.87121],[3.40597,48.87104],[3.40547,48.87278],[3.40594,48.87608],[3.39741,48.87622],[3.39717,48.87547],[3.39345,48.87561],[3.39323,48.87172],[3.3906,48.87099],[3.38589,48.87233],[3.38409,48.87144],[3.38137,48.87155],[3.38046,48.87418],[3.38107,48.87688],[3.3803,48.87972],[3.38281,48.88076],[3.38121,48.88274],[3.38108,48.88392],[3.38359,48.8845],[3.38311,48.8855],[3.38074,48.88716],[3.38422,48.88804],[3.38376,48.88906],[3.37987,48.88871],[3.37506,48.89206],[3.3713,48.8923],[3.36928,48.89382],[3.37004,48.90113],[3.37066,48.90516],[3.37576,48.90749],[3.37636,48.90929],[3.37606,48.9106],[3.3714,48.91861],[3.37242,48.92263],[3.371,48.92571],[3.36748,48.92832],[3.36797,48.9263],[3.36711,48.92231],[3.36611,48.92308],[3.36165,48.9191],[3.35715,48.91715],[3.35357,48.91524],[3.3503,48.91804],[3.34916,48.91565],[3.34684,48.91709],[3.34287,48.91482],[3.3409,48.91307],[3.3382,48.91165],[3.33665,48.90939],[3.33433,48.91065],[3.33029,48.90871],[3.32665,48.91289],[3.32028,48.91652],[3.31716,48.91856],[3.31553,48.92013],[3.31326,48.92125],[3.31289,48.92417],[3.31326,48.92903],[3.31272,48.93351],[3.31062,48.93884],[3.30737,48.94537],[3.30441,48.94878],[3.30044,48.94669],[3.29067,48.94334],[3.28453,48.94053],[3.27839,48.93956],[3.27377,48.93891],[3.27187,48.93755],[3.26847,48.93787],[3.26493,48.93879],[3.26385,48.94174],[3.26061,48.9439],[3.26017,48.94479],[3.26187,48.9469],[3.2624,48.94846],[3.26297,48.94903],[3.25854,48.95111],[3.25706,48.95272],[3.25931,48.95358],[3.25683,48.95794],[3.25521,48.96205],[3.25432,48.96731],[3.25147,48.97293],[3.25017,48.97392],[3.24496,48.97646],[3.23948,48.97758],[3.23656,48.9776],[3.23116,48.97695],[3.231,48.98138],[3.22716,48.98193],[3.22674,48.9848],[3.22925,48.98746],[3.22941,48.98858],[3.22471,48.98752],[3.22376,48.99008],[3.22515,48.99132],[3.21158,48.99342],[3.20944,48.99397],[3.20862,48.99848],[3.20727,49.0007],[3.20297,49.00077],[3.2035,49.00171],[3.20217,49.00302],[3.20057,49.00363],[3.19946,49.0062],[3.19609,49.00481],[3.19601,49.00663],[3.19822,49.00884],[3.19138,49.00855],[3.18659,49.00979],[3.18103,49.01298],[3.17326,49.01237],[3.16745,49.01246],[3.16859,49.01699],[3.166,49.02069],[3.1632,49.02],[3.16177,49.02181],[3.16115,49.0243],[3.16397,49.02682],[3.16787,49.028],[3.17126,49.02981],[3.17407,49.02854],[3.17715,49.03014],[3.17674,49.03262],[3.1796,49.03392],[3.17871,49.03715],[3.1789,49.03808],[3.18142,49.03886],[3.18301,49.04169],[3.17984,49.04275],[3.18069,49.04464],[3.18991,49.04603],[3.19028,49.04667],[3.19074,49.05128],[3.19013,49.05265],[3.18215,49.05194],[3.18224,49.05448],[3.18092,49.05638],[3.18198,49.06206],[3.17988,49.0658],[3.17642,49.07007],[3.16623,49.07799],[3.15876,49.08031],[3.15342,49.08335],[3.15645,49.08653],[3.15883,49.08799],[3.16318,49.09555],[3.16523,49.09986],[3.15988,49.09944],[3.15805,49.09976],[3.15206,49.10007],[3.14764,49.101],[3.14649,49.1017],[3.14385,49.10213],[3.14345,49.10286],[3.14075,49.10407],[3.13952,49.10676],[3.13692,49.10768],[3.13403,49.10663],[3.1327,49.10737],[3.12597,49.10599],[3.1237,49.10693],[3.12237,49.10887],[3.12023,49.10926],[3.11613,49.10848],[3.11436,49.10717],[3.11182,49.1079],[3.10795,49.10778],[3.10256,49.10803],[3.09983,49.10852],[3.09969,49.1099],[3.09508,49.11185],[3.09286,49.11089],[3.08817,49.11118],[3.08659,49.11212],[3.08326,49.11275],[3.08019,49.11204],[3.07984,49.11293],[3.07791,49.11314],[3.07849,49.11448],[3.07542,49.11521],[3.07196,49.11776],[3.07656,49.12197],[3.08382,49.12091],[3.09662,49.13148],[3.09114,49.13796],[3.09409,49.14239],[3.11113,49.13169],[3.11697,49.13856],[3.10511,49.14797],[3.10538,49.14799],[3.12753,49.14505],[3.13675,49.15126],[3.14268,49.16216],[3.12172,49.16158],[3.11628,49.16969],[3.10786,49.16995],[3.11586,49.18176],[3.11718,49.18946],[3.10256,49.19744],[3.10047,49.19198],[3.09226,49.18948],[3.08384,49.16297],[3.08161,49.17796],[3.08516,49.18408],[3.08088,49.19452],[3.06375,49.19303],[3.0521,49.20658],[3.04737,49.20984],[3.03508,49.2058],[3.02934,49.21383],[3.01768,49.21703],[3.00036,49.21369],[3.00258,49.2063],[2.99992,49.19655],[3.00233,49.18815],[3.01273,49.18457],[3.02607,49.19297],[3.03004,49.18303],[3.03489,49.18363],[3.03801,49.16913],[3.02267,49.17091],[3.01616,49.18271],[3.0058,49.18296],[2.99663,49.18688],[2.989,49.18852],[2.98116,49.18464],[2.97175,49.18795],[2.96766,49.19176],[2.97278,49.19808],[2.96755,49.2048],[2.96983,49.21041],[2.96196,49.21837],[2.95899,49.2286],[2.96438,49.23189],[3.00178,49.23559],[3.01289,49.23207],[3.01447,49.22328],[3.03697,49.22224],[3.04081,49.23218],[3.03356,49.24295],[3.03371,49.24376],[3.03214,49.25392],[3.02572,49.25937],[3.03103,49.26684],[3.02749,49.2717],[3.03581,49.27869],[3.03749,49.28632],[3.0252,49.28793],[3.01363,49.28196],[3.01354,49.28918],[3.00873,49.2928],[2.99595,49.28702],[2.99403,49.29453],[2.98418,49.29964],[2.97008,49.30268],[2.97409,49.30433],[2.98032,49.31125],[2.96453,49.32159],[2.99334,49.33312],[3.00165,49.34028],[3.0126,49.33714],[3.03381,49.33104],[3.03626,49.32558],[3.04261,49.33294],[3.06146,49.34541],[3.06883,49.34748],[3.07692,49.35559],[3.0771,49.37147],[3.08043,49.37397],[3.08945,49.37769],[3.09366,49.3857],[3.09028,49.39837],[3.09548,49.39815],[3.09791,49.41019],[3.09411,49.42098],[3.09341,49.4246],[3.09314,49.43263],[3.10051,49.4393],[3.10882,49.43873],[3.12047,49.43133],[3.1314,49.4316],[3.16514,49.44084],[3.16555,49.44705],[3.15531,49.4541],[3.12978,49.46189],[3.10732,49.46821],[3.10531,49.47322],[3.11273,49.47823],[3.12437,49.48013],[3.12181,49.49382],[3.11657,49.49502],[3.10638,49.50375],[3.10014,49.50591],[3.09596,49.518],[3.12149,49.52082],[3.12817,49.52756],[3.12597,49.54216],[3.13171,49.54396],[3.12785,49.55208],[3.1335,49.55853],[3.12596,49.56476],[3.12649,49.5729],[3.13768,49.57856],[3.12824,49.59414],[3.1239,49.59596],[3.12249,49.60208],[3.10221,49.61568],[3.0936,49.62249],[3.09586,49.6232],[3.11281,49.63131],[3.11301,49.63937],[3.10557,49.65014],[3.09645,49.65054],[3.09751,49.6568],[3.108,49.65807],[3.10856,49.66443],[3.12736,49.66957],[3.12419,49.67689],[3.11549,49.68123],[3.12495,49.6961],[3.11832,49.70597],[3.1208,49.70572],[3.11922,49.71824],[3.11359,49.72728],[3.10051,49.73263],[3.09693,49.74813],[3.09354,49.75613],[3.10044,49.76614],[3.09194,49.76502],[3.07065,49.76689],[3.06319,49.781],[3.07286,49.7841],[3.08597,49.79201],[3.08293,49.79741],[3.08779,49.80339],[3.07789,49.81242],[3.08495,49.81797],[3.08242,49.8195],[3.07901,49.82248],[3.06081,49.82002],[3.05533,49.83208],[3.07761,49.83965],[3.08432,49.84624],[3.07964,49.86259],[3.07026,49.87301],[3.07529,49.8786],[3.08468,49.87861],[3.08818,49.86564],[3.09166,49.87054],[3.10804,49.87554],[3.1185,49.88293],[3.12045,49.8872],[3.11659,49.89647],[3.12249,49.89944],[3.12004,49.91319],[3.12382,49.91794],[3.12476,49.9233],[3.15614,49.9449],[3.1647,49.94749],[3.16628,49.95009],[3.15944,49.9522],[3.17246,49.96847],[3.18708,49.97765],[3.19071,49.97609],[3.20277,49.98548],[3.19247,49.98888],[3.17367,49.98575],[3.17019,49.99104],[3.15954,49.99389],[3.17158,50.01006],[3.20031,50.01662],[3.21802,50.02368],[3.23062,50.03148],[3.23437,50.02784],[3.24521,50.02812],[3.25824,50.02437],[3.2581,50.03201],[3.2711,50.02934],[3.27338,50.02041],[3.27759,50.01436],[3.28595,50.01362],[3.30044,50.01739],[3.31308,50.01995],[3.32786,50.01585],[3.33711,50.0171],[3.34187,50.02641],[3.35096,50.02732],[3.35039,50.03458],[3.37569,50.03658],[3.38341,50.03152],[3.3926,50.03105],[3.39891,50.03476],[3.41353,50.02569],[3.42103,50.02905],[3.42824,50.02207],[3.45547,50.02257],[3.49034,50.01893],[3.50404,50.02883],[3.5065,50.03397],[3.52506,50.036],[3.52984,50.0387],[3.53197,50.04576],[3.54157,50.04692],[3.54405,50.05405],[3.56184,50.05407],[3.58002,50.04707],[3.59496,50.04414],[3.6065,50.03489],[3.60874,50.0301],[3.61412,50.02505],[3.64086,50.03902],[3.65437,50.03375],[3.66218,50.03871],[3.65654,50.04381],[3.66519,50.05495],[3.70033,50.06297],[3.71524,50.0695],[3.72218,50.06367],[3.73599,50.05984],[3.74579,50.05346],[3.7743,50.05058],[3.77744,50.04593],[3.7938,50.04898],[3.81564,50.03894],[3.83561,50.04836],[3.84905,50.039],[3.87505,50.0365],[3.87832,50.02789],[3.8897,50.02264],[3.8869,50.00985],[3.8953,50.01566],[3.91449,50.02011],[3.92275,50.02636],[3.92989,50.02567],[3.94428,50.0302],[3.94996,50.02661],[3.9582,50.0327],[3.97332,50.03694],[3.98232,50.04443],[3.99049,50.04096],[3.99561,50.02804],[3.97973,50.00209],[3.98108,49.99366],[4.00534,49.99613],[4.01274,49.98574],[4.03178,49.98241],[4.03419,49.9859],[4.05669,49.98543],[4.08372,49.97887],[4.08326,49.96977],[4.10337,49.97277],[4.10536,49.97087],[4.11543,49.97582],[4.12131,49.97345],[4.14061,49.97909],[4.14471,49.97613],[4.17398,49.97626],[4.17819,49.97197],[4.19673,49.9677],[4.19742,49.95458],[4.20177,49.95708],[4.23316,49.95775],[4.22939,49.94565],[4.22072,49.93721],[4.21696,49.91439],[4.22231,49.91038],[4.23339,49.90939],[4.23311,49.9046],[4.24556,49.90221],[4.25584,49.90398],[4.25178,49.89163],[4.254,49.88708],[4.25275,49.86963],[4.24987,49.86308],[4.24445,49.85257],[4.23296,49.84841],[4.23165,49.84198],[4.22359,49.8341],[4.21427,49.80611],[4.22668,49.79303],[4.22242,49.78723],[4.21002,49.78214],[4.20592,49.77819],[4.2139,49.77111],[4.22861,49.77311],[4.24284,49.76714],[4.24217,49.76212],[4.2496,49.75711],[4.23121,49.74747],[4.22688,49.74244],[4.22326,49.72673],[4.20468,49.72248],[4.19125,49.71626],[4.19246,49.71211],[4.18449,49.70126],[4.17022,49.69541],[4.15108,49.69086],[4.14307,49.68752],[4.14877,49.67792],[4.1369,49.67591],[4.12703,49.67792],[4.12207,49.65825],[4.12555,49.65107],[4.11769,49.64128],[4.11494,49.6348],[4.10221,49.63261],[4.09916,49.62835],[4.08209,49.63152],[4.06898,49.63751],[4.05094,49.63453],[4.04825,49.63775],[4.03787,49.62302],[4.02449,49.62121],[4.03165,49.61405],[4.05402,49.5952],[4.06605,49.5943],[4.06181,49.58877],[4.05958,49.57586],[4.07659,49.57125],[4.06275,49.56101],[4.05993,49.55385],[4.05023,49.55099],[4.04871,49.54536],[4.07517,49.54161],[4.07755,49.52832],[4.07156,49.51722],[4.06536,49.52358],[4.05631,49.52106],[4.06187,49.51274],[4.05722,49.50817],[4.04073,49.50865],[4.04079,49.49561],[4.04157,49.48077],[4.0441,49.46648],[4.0546,49.45897],[4.06003,49.44736],[4.04918,49.44768],[4.03721,49.4382],[4.04334,49.42506],[4.05028,49.41226],[4.04823,49.40563],[4.03999,49.39743],[4.03711,49.38424],[4.0358,49.35989],[4.01778,49.3604],[4.01272,49.3583],[4.00705,49.36977],[3.99655,49.37176],[3.99513,49.37828],[3.98669,49.379]],[[2.98174,49.2168],[2.99021,49.21068],[3.00376,49.21892],[2.99791,49.22363],[2.98174,49.2168]]]},"properties":{"dep":"02","code":"02","nom":"02"}},{"type":"Feature","geometry":{"type":"Polygon","coordinates":[[[4.88882,48.81743],[4.89707,48.80892],[4.89068,48.80545],[4.89337,48.79696],[4.91817,48.79199],[4.93258,48.79159],[4.93785,48.78282],[4.9528,48.76812],[4.96452,48.7587],[4.97225,48.75759],[4.9809,48.74633],[4.99012,48.74184],[5.00922,48.74139],[5.00546,48.73534],[5.00939,48.72916],[5.00419,48.71971],[5.01112,48.71797],[5.01178,48.70669],[4.99726,48.7096],[5.00641,48.69908],[4.98736,48.68481],[4.97606,48.6893],[4.94493,48.68395],[4.9351,48.67805],[4.9177,48.68434],[4.911,48.68885],[4.89489,48.67815],[4.88201,48.67683],[4.86777,48.6672],[4.84956,48.66797],[4.84623,48.67206],[4.83129,48.67237],[4.82103,48.67493],[4.81993,48.68012],[4.79825,48.6776],[4.79544,48.66942],[4.78167,48.6702],[4.77271,48.6565],[4.77229,48.65201],[4.77261,48.65201],[4.78403,48.65401],[4.80763,48.65432],[4.82383,48.65099],[4.84205,48.64965],[4.83904,48.64579],[4.84627,48.64343],[4.85365,48.6348],[4.84835,48.62795],[4.85254,48.62101],[4.8505,48.61418],[4.83957,48.61132],[4.82932,48.61249],[4.8023,48.59832],[4.77903,48.59635],[4.77015,48.58693],[4.77069,48.57658],[4.77618,48.56593],[4.79362,48.5701],[4.7965,48.56795],[4.78292,48.55439],[4.79508,48.53977],[4.79877,48.52966],[4.79115,48.52836],[4.78167,48.53249],[4.76152,48.53364],[4.75397,48.53662],[4.73533,48.53792],[4.72499,48.54128],[4.71802,48.54199],[4.70683,48.53725],[4.68131,48.53503],[4.67493,48.53763],[4.67007,48.53193],[4.66542,48.53798],[4.65105,48.53692],[4.63501,48.54447],[4.63453,48.55149],[4.64134,48.55388],[4.63009,48.5548],[4.59284,48.55213],[4.58104,48.54824],[4.57539,48.54998],[4.56053,48.54427],[4.54751,48.53586],[4.54545,48.52522],[4.53119,48.52952],[4.52685,48.53984],[4.52096,48.545],[4.51102,48.54793],[4.4954,48.53876],[4.47802,48.54526],[4.46386,48.54766],[4.44042,48.54987],[4.42794,48.55326],[4.42359,48.55431],[4.40613,48.56013],[4.38744,48.57074],[4.38231,48.57578],[4.35453,48.59293],[4.34972,48.59774],[4.33091,48.60216],[4.31539,48.61609],[4.33474,48.63246],[4.3297,48.6363],[4.32504,48.64181],[4.32352,48.6443],[4.31735,48.65197],[4.32851,48.65634],[4.3246,48.66228],[4.33306,48.67059],[4.33054,48.68141],[4.32309,48.68365],[4.32701,48.69749],[4.31133,48.71065],[4.29946,48.71475],[4.28544,48.70975],[4.27422,48.71066],[4.26399,48.70597],[4.25209,48.70896],[4.24317,48.71672],[4.23317,48.70225],[4.2186,48.70476],[4.19762,48.70375],[4.17844,48.70872],[4.15777,48.7044],[4.14186,48.69595],[4.13115,48.68634],[4.08823,48.69867],[4.07847,48.7015],[4.06281,48.68208],[4.06919,48.67927],[4.05811,48.66624],[4.05378,48.66851],[4.04409,48.66105],[4.02991,48.65957],[4.02206,48.66217],[4.00122,48.66395],[3.9974,48.65895],[3.98472,48.65338],[3.97786,48.63493],[3.98045,48.62944],[3.96658,48.62969],[3.95643,48.62003],[3.94925,48.60321],[3.91551,48.60637],[3.9114,48.60184],[3.90851,48.60171],[3.89919,48.57493],[3.88473,48.57816],[3.88374,48.57811],[3.86992,48.58036],[3.85446,48.57726],[3.8549,48.57288],[3.8619,48.57222],[3.86233,48.56162],[3.85843,48.55881],[3.85987,48.54376],[3.8658,48.54359],[3.86565,48.53787],[3.85162,48.52347],[3.84354,48.52279],[3.83433,48.51779],[3.82537,48.51524],[3.79565,48.52814],[3.78584,48.52878],[3.77381,48.5301],[3.76628,48.52757],[3.75428,48.53361],[3.74137,48.53425],[3.73153,48.53764],[3.70815,48.5353],[3.70419,48.53348],[3.68811,48.53997],[3.68139,48.5368],[3.66551,48.53637],[3.65851,48.53633],[3.6437,48.53639],[3.63426,48.54089],[3.63432,48.54818],[3.6286,48.56273],[3.63122,48.57162],[3.6213,48.58026],[3.61506,48.57825],[3.60753,48.57433],[3.60466,48.5727],[3.6029,48.57963],[3.59169,48.58727],[3.58259,48.58546],[3.57982,48.60477],[3.56444,48.60337],[3.56385,48.61121],[3.55921,48.61602],[3.55999,48.61794],[3.55551,48.62023],[3.55428,48.62158],[3.55113,48.62287],[3.54815,48.62661],[3.54446,48.62883],[3.53822,48.63156],[3.53658,48.6315],[3.53208,48.63315],[3.52872,48.63267],[3.52414,48.63253],[3.51929,48.63308],[3.51911,48.6351],[3.51775,48.63666],[3.51829,48.6374],[3.52109,48.63772],[3.52528,48.64019],[3.5281,48.64298],[3.53006,48.64344],[3.52919,48.64506],[3.53265,48.6457],[3.5336,48.64652],[3.52888,48.64558],[3.52858,48.64591],[3.52247,48.64426],[3.51757,48.64348],[3.51037,48.64415],[3.50187,48.6456],[3.49851,48.64716],[3.49226,48.64745],[3.48939,48.64664],[3.48558,48.64194],[3.48007,48.63929],[3.47578,48.63782],[3.47612,48.6371],[3.47099,48.63631],[3.46794,48.63675],[3.46292,48.63551],[3.4621,48.63474],[3.45832,48.63456],[3.45654,48.63375],[3.45155,48.63446],[3.45357,48.63618],[3.45359,48.63735],[3.452,48.63789],[3.45359,48.64069],[3.45577,48.64142],[3.45567,48.64369],[3.45722,48.64444],[3.45622,48.64566],[3.45923,48.64968],[3.45815,48.65009],[3.46057,48.65304],[3.45881,48.65372],[3.45816,48.65483],[3.4548,48.65642],[3.45091,48.65755],[3.44991,48.65913],[3.44757,48.66039],[3.4459,48.6621],[3.44275,48.66224],[3.44056,48.66365],[3.44637,48.6669],[3.4442,48.671],[3.4427,48.67233],[3.44686,48.6749],[3.44944,48.67577],[3.44765,48.67721],[3.45105,48.68003],[3.4561,48.68292],[3.46234,48.68539],[3.46454,48.68599],[3.46965,48.68631],[3.47142,48.68571],[3.47336,48.68878],[3.47132,48.6901],[3.47268,48.69132],[3.47117,48.69226],[3.47055,48.6938],[3.47242,48.69781],[3.47648,48.69752],[3.47779,48.69788],[3.47692,48.69924],[3.47302,48.70151],[3.47004,48.7012],[3.46916,48.70345],[3.46684,48.70468],[3.46388,48.70724],[3.46675,48.70884],[3.465,48.71176],[3.46591,48.71451],[3.46756,48.71614],[3.46795,48.7188],[3.46721,48.72078],[3.46714,48.72308],[3.46664,48.72886],[3.4675,48.73247],[3.46729,48.73417],[3.46972,48.73788],[3.46741,48.73858],[3.46497,48.73795],[3.45521,48.73812],[3.45282,48.7378],[3.45091,48.7369],[3.44711,48.73643],[3.44417,48.73684],[3.4407,48.73895],[3.4385,48.7391],[3.43894,48.74039],[3.43601,48.74356],[3.43691,48.74405],[3.43772,48.74668],[3.4375,48.7491],[3.43658,48.75038],[3.43651,48.75324],[3.4308,48.75642],[3.42853,48.75843],[3.42676,48.75674],[3.42589,48.75455],[3.42369,48.75521],[3.42355,48.75398],[3.41707,48.75464],[3.41422,48.75469],[3.41409,48.75397],[3.41187,48.75315],[3.40825,48.75238],[3.40109,48.75471],[3.39905,48.75493],[3.39606,48.75841],[3.39593,48.75929],[3.39793,48.76357],[3.40277,48.76999],[3.40791,48.7788],[3.40937,48.78373],[3.4131,48.78306],[3.41462,48.78449],[3.41737,48.78416],[3.42144,48.78432],[3.42445,48.78488],[3.42449,48.78265],[3.42713,48.78001],[3.4299,48.7795],[3.43301,48.78039],[3.43598,48.78442],[3.43784,48.78511],[3.44017,48.78409],[3.44165,48.78253],[3.44281,48.78586],[3.44269,48.78834],[3.44357,48.79074],[3.44191,48.79208],[3.44203,48.7955],[3.44032,48.79748],[3.43995,48.79898],[3.44153,48.80122],[3.44209,48.80373],[3.43828,48.8046],[3.43407,48.80266],[3.43183,48.80258],[3.4304,48.80172],[3.42685,48.80147],[3.4231,48.80069],[3.42155,48.80244],[3.41986,48.80336],[3.41458,48.80308],[3.41424,48.80399],[3.41131,48.80371],[3.40947,48.80478],[3.40863,48.80616],[3.40452,48.80907],[3.40526,48.81025],[3.41634,48.81797],[3.42104,48.8158],[3.43166,48.81234],[3.43632,48.81183],[3.44115,48.81308],[3.44125,48.81148],[3.4468,48.81232],[3.44805,48.81102],[3.4515,48.81311],[3.46053,48.81536],[3.4594,48.81801],[3.46518,48.81891],[3.46989,48.8211],[3.47458,48.8192],[3.47405,48.81816],[3.47579,48.81679],[3.47745,48.81432],[3.47911,48.81374],[3.48084,48.81218],[3.48428,48.81424],[3.48703,48.81512],[3.48632,48.81632],[3.48573,48.82243],[3.48518,48.82524],[3.48857,48.83149],[3.4913,48.83462],[3.49047,48.83875],[3.48766,48.84321],[3.4864,48.84718],[3.48668,48.84929],[3.48502,48.85185],[3.48687,48.85735],[3.48139,48.86617],[3.50295,48.87141],[3.509,48.88529],[3.50829,48.89046],[3.5201,48.90146],[3.52875,48.91225],[3.54313,48.91541],[3.54952,48.91302],[3.56002,48.91701],[3.57248,48.91862],[3.57641,48.92325],[3.57298,48.9287],[3.57475,48.93921],[3.59341,48.94469],[3.60291,48.94403],[3.60179,48.95347],[3.59141,48.96045],[3.60131,48.96627],[3.62107,48.96608],[3.62706,48.98103],[3.62365,48.9829],[3.64026,49.00437],[3.65467,49.0038],[3.66531,49.00563],[3.67495,49.01173],[3.67907,49.01817],[3.67381,49.0216],[3.66418,49.03755],[3.64999,49.0429],[3.64504,49.03983],[3.63009,49.03959],[3.6169,49.03647],[3.58761,49.03381],[3.58513,49.03899],[3.58771,49.0594],[3.59036,49.06],[3.60209,49.06302],[3.60742,49.07191],[3.62383,49.07078],[3.63192,49.07224],[3.63926,49.08118],[3.62755,49.09267],[3.62012,49.10733],[3.61204,49.11829],[3.60294,49.11458],[3.59967,49.12068],[3.61189,49.12869],[3.60994,49.13489],[3.62069,49.13944],[3.61959,49.14757],[3.62116,49.1498],[3.62445,49.15135],[3.65119,49.14903],[3.67255,49.15084],[3.68384,49.15449],[3.698,49.14871],[3.70645,49.14531],[3.71697,49.14698],[3.73957,49.15689],[3.74876,49.15864],[3.7485,49.17168],[3.75129,49.17778],[3.73011,49.17831],[3.72544,49.17352],[3.70649,49.18031],[3.70685,49.18592],[3.69929,49.18809],[3.69662,49.19406],[3.70466,49.20066],[3.69748,49.20664],[3.68352,49.19737],[3.67702,49.1998],[3.67857,49.20686],[3.66254,49.20898],[3.65655,49.21129],[3.65148,49.22148],[3.66571,49.22298],[3.66878,49.23166],[3.67826,49.23523],[3.67503,49.24008],[3.66985,49.24336],[3.65532,49.26298],[3.66513,49.26943],[3.65161,49.27836],[3.659,49.28677],[3.65595,49.29108],[3.64179,49.29664],[3.63822,49.30124],[3.64362,49.30303],[3.64394,49.31271],[3.6476,49.31595],[3.66518,49.3198],[3.66939,49.32511],[3.68748,49.32711],[3.69327,49.32876],[3.69913,49.33221],[3.72114,49.33584],[3.73635,49.33587],[3.74217,49.33682],[3.74081,49.34761],[3.74647,49.34815],[3.75767,49.34772],[3.77773,49.35598],[3.77961,49.35195],[3.79324,49.35673],[3.80223,49.35891],[3.82394,49.3574],[3.83292,49.35022],[3.85284,49.34497],[3.85874,49.35412],[3.84792,49.36435],[3.85606,49.36835],[3.8595,49.37474],[3.85635,49.38117],[3.85986,49.38615],[3.83959,49.391],[3.83747,49.39655],[3.8235,49.40041],[3.82258,49.40254],[3.84631,49.40053],[3.86245,49.40454],[3.86842,49.40655],[3.88188,49.40508],[3.89338,49.39908],[3.89568,49.39294],[3.90983,49.39477],[3.91546,49.40334],[3.92467,49.40782],[3.93472,49.39841],[3.94607,49.38763],[3.96148,49.37734],[3.97254,49.37945],[3.98669,49.379],[3.99513,49.37828],[3.99655,49.37176],[4.00705,49.36977],[4.01272,49.3583],[4.01778,49.3604],[4.0358,49.35989],[4.03711,49.38424],[4.03999,49.39743],[4.04823,49.40563],[4.07339,49.40463],[4.08531,49.40147],[4.11536,49.4021],[4.13237,49.40185],[4.14473,49.40444],[4.15626,49.40106],[4.17496,49.40248],[4.18893,49.39872],[4.20111,49.38384],[4.21343,49.388],[4.243,49.38037],[4.25566,49.37121],[4.2554,49.36617],[4.26796,49.35999],[4.27695,49.35171],[4.28334,49.35474],[4.28978,49.3471],[4.30816,49.32689],[4.33086,49.32743],[4.34608,49.32223],[4.35412,49.31618],[4.36748,49.32195],[4.37374,49.32119],[4.39224,49.29883],[4.39637,49.29215],[4.40337,49.29364],[4.40893,49.28679],[4.41674,49.28797],[4.42303,49.28043],[4.43945,49.28001],[4.44651,49.27344],[4.44724,49.27251],[4.46443,49.2782],[4.4925,49.28075],[4.51582,49.28198],[4.54044,49.28595],[4.55157,49.29395],[4.57583,49.29621],[4.58368,49.2909],[4.59927,49.28814],[4.58956,49.28012],[4.59443,49.27059],[4.60863,49.26932],[4.60754,49.26365],[4.61952,49.24695],[4.6193,49.23766],[4.64449,49.23292],[4.65328,49.23842],[4.67035,49.24127],[4.68026,49.25279],[4.68693,49.25672],[4.70383,49.2554],[4.70357,49.25077],[4.71821,49.2508],[4.72679,49.2523],[4.7388,49.24716],[4.74471,49.24149],[4.74935,49.24344],[4.77376,49.24519],[4.79073,49.24108],[4.8032,49.2474],[4.81524,49.25007],[4.81919,49.24146],[4.82713,49.23531],[4.86272,49.22957],[4.86634,49.22696],[4.86758,49.2354],[4.86317,49.24188],[4.87825,49.24973],[4.88264,49.25832],[4.89298,49.25822],[4.9011,49.26261],[4.92105,49.26589],[4.93461,49.25968],[4.92138,49.25211],[4.95043,49.24143],[4.95132,49.2367],[4.97085,49.23603],[4.97278,49.22654],[4.97803,49.21891],[4.99352,49.21013],[4.9754,49.19887],[4.96465,49.19867],[4.95052,49.19292],[4.9397,49.18511],[4.95373,49.1712],[4.96447,49.15535],[4.9718,49.13683],[4.97902,49.12857],[4.99097,49.11689],[4.99725,49.10516],[4.99673,49.08892],[4.99841,49.07866],[5.00387,49.06568],[5.00341,49.05355],[4.97406,49.02778],[4.96532,49.0217],[4.96693,49.02095],[4.96855,49.02282],[4.99307,49.02836],[5.00931,49.03533],[5.03295,49.02602],[5.03527,49.02256],[5.03849,49.01058],[5.03157,49.0057],[5.03447,48.9936],[5.01779,48.99606],[5.00138,48.99024],[4.99575,48.98251],[5.01725,48.97759],[5.02893,48.97966],[5.03949,48.97434],[5.03066,48.96259],[5.03095,48.95432],[5.01421,48.94587],[5.01545,48.93885],[5.0037,48.93848],[4.98892,48.93283],[4.95914,48.92593],[4.95377,48.93113],[4.9407,48.92596],[4.93679,48.92104],[4.93362,48.913],[4.91819,48.90495],[4.91243,48.89858],[4.91988,48.89473],[4.92456,48.89126],[4.91882,48.87704],[4.913,48.8727],[4.91171,48.86809],[4.92157,48.86546],[4.92804,48.8499],[4.93595,48.84872],[4.93603,48.84083],[4.91457,48.83515],[4.90268,48.82792],[4.88882,48.81743]]]},"properties":{"dep":"51","code":"51","nom":"51"}},{"type":"Feature","geometry":{"type":"Polygon","coordinates":[[[3.74548,48.16753],[3.71853,48.17559],[3.71446,48.17027],[3.72235,48.15684],[3.70508,48.14431],[3.70028,48.14538],[3.69452,48.15506],[3.69093,48.14502],[3.66791,48.13929],[3.66051,48.15926],[3.65065,48.16823],[3.64051,48.18462],[3.62166,48.19204],[3.59392,48.17868],[3.57875,48.18487],[3.57508,48.18882],[3.59989,48.20207],[3.60888,48.20949],[3.61394,48.22026],[3.62177,48.22566],[3.61502,48.23182],[3.6047,48.23003],[3.59955,48.23657],[3.61535,48.25086],[3.62432,48.25453],[3.62386,48.2593],[3.61521,48.27252],[3.61519,48.27254],[3.60191,48.27592],[3.60044,48.27949],[3.58772,48.27995],[3.57805,48.28697],[3.58574,48.29008],[3.58793,48.30094],[3.56681,48.30758],[3.56384,48.3212],[3.5439,48.31979],[3.54503,48.33434],[3.53487,48.33834],[3.52285,48.34867],[3.51317,48.36063],[3.49763,48.36958],[3.47488,48.36927],[3.47082,48.37444],[3.4706,48.37474],[3.46031,48.37509],[3.44733,48.37249],[3.44846,48.36842],[3.4372,48.36497],[3.4293,48.35857],[3.42174,48.37196],[3.41289,48.37815],[3.41474,48.39019],[3.41574,48.39403],[3.41549,48.39639],[3.41631,48.39782],[3.41701,48.40071],[3.41804,48.40228],[3.41862,48.40456],[3.42094,48.40915],[3.42201,48.41297],[3.42233,48.41614],[3.41978,48.41671],[3.4169,48.41551],[3.41534,48.41578],[3.41336,48.41419],[3.40943,48.41425],[3.40496,48.41551],[3.40337,48.41474],[3.40169,48.41626],[3.40262,48.41757],[3.40766,48.41557],[3.40906,48.41763],[3.4115,48.41747],[3.41186,48.42142],[3.40765,48.42291],[3.40494,48.42341],[3.40058,48.42246],[3.40112,48.42397],[3.39737,48.42455],[3.39721,48.42398],[3.3933,48.42412],[3.39206,48.42529],[3.39183,48.42677],[3.39451,48.42775],[3.39531,48.42916],[3.39466,48.43125],[3.39527,48.43264],[3.39709,48.43334],[3.39711,48.43467],[3.39528,48.43676],[3.3987,48.43639],[3.40063,48.43509],[3.40113,48.4368],[3.40274,48.43861],[3.40494,48.43941],[3.40394,48.44073],[3.4039,48.44213],[3.40519,48.44453],[3.40496,48.44537],[3.40665,48.44636],[3.40616,48.4472],[3.40647,48.45263],[3.40583,48.4533],[3.40368,48.4545],[3.40022,48.45918],[3.4005,48.46007],[3.39588,48.46117],[3.39443,48.46272],[3.39404,48.46436],[3.39552,48.46574],[3.39813,48.46654],[3.40024,48.46638],[3.39965,48.46807],[3.39678,48.46854],[3.39589,48.47053],[3.39295,48.47011],[3.39115,48.47045],[3.39049,48.47355],[3.38853,48.47717],[3.38425,48.47799],[3.38511,48.47967],[3.39058,48.48066],[3.39168,48.48127],[3.39388,48.48126],[3.39338,48.48421],[3.39941,48.48345],[3.40054,48.48507],[3.3982,48.48585],[3.3994,48.48717],[3.40079,48.48627],[3.40374,48.48581],[3.4042,48.48798],[3.40782,48.48835],[3.40771,48.48684],[3.40862,48.4856],[3.40997,48.48567],[3.41095,48.48733],[3.41317,48.48669],[3.4148,48.48728],[3.41645,48.48985],[3.41999,48.48987],[3.42084,48.49183],[3.42236,48.49191],[3.4239,48.49024],[3.42855,48.49076],[3.43464,48.49025],[3.43333,48.4931],[3.43523,48.49687],[3.43266,48.50025],[3.43036,48.5022],[3.42859,48.50545],[3.42708,48.50643],[3.42393,48.51425],[3.42121,48.51564],[3.42044,48.51744],[3.40537,48.52785],[3.41423,48.53348],[3.41549,48.53234],[3.42352,48.53362],[3.42623,48.5309],[3.42912,48.53079],[3.43037,48.53121],[3.43404,48.52868],[3.43609,48.52872],[3.43897,48.52809],[3.44003,48.52841],[3.44675,48.52891],[3.44959,48.53042],[3.45086,48.5286],[3.45584,48.52944],[3.45917,48.53068],[3.46353,48.53385],[3.46698,48.53528],[3.46951,48.53843],[3.47353,48.5405],[3.4769,48.54157],[3.48175,48.54145],[3.48013,48.54373],[3.47954,48.54534],[3.48615,48.5451],[3.48618,48.54699],[3.48399,48.54998],[3.47829,48.55065],[3.47652,48.55181],[3.47562,48.55475],[3.47704,48.5555],[3.47714,48.55737],[3.47473,48.56032],[3.47399,48.56466],[3.47178,48.56397],[3.46846,48.56806],[3.46535,48.57047],[3.46867,48.57288],[3.4731,48.5766],[3.48531,48.58034],[3.49029,48.58646],[3.49348,48.59007],[3.50867,48.5893],[3.51524,48.58949],[3.5163,48.58984],[3.51511,48.59112],[3.51211,48.59625],[3.50769,48.59962],[3.50686,48.6008],[3.50299,48.60464],[3.51216,48.60665],[3.52606,48.60868],[3.53518,48.6103],[3.5364,48.61159],[3.53951,48.61249],[3.5408,48.61455],[3.54057,48.61627],[3.54885,48.61609],[3.55332,48.61648],[3.55673,48.6161],[3.55828,48.61638],[3.55903,48.61772],[3.55551,48.62023],[3.55999,48.61794],[3.55921,48.61602],[3.56385,48.61121],[3.56444,48.60337],[3.57982,48.60477],[3.58259,48.58546],[3.59169,48.58727],[3.6029,48.57963],[3.60466,48.5727],[3.60753,48.57433],[3.61506,48.57825],[3.6213,48.58026],[3.63122,48.57162],[3.6286,48.56273],[3.63432,48.54818],[3.63426,48.54089],[3.6437,48.53639],[3.65851,48.53633],[3.66551,48.53637],[3.68139,48.5368],[3.68811,48.53997],[3.70419,48.53348],[3.70815,48.5353],[3.73153,48.53764],[3.74137,48.53425],[3.75428,48.53361],[3.76628,48.52757],[3.77381,48.5301],[3.78584,48.52878],[3.79565,48.52814],[3.82537,48.51524],[3.83433,48.51779],[3.84354,48.52279],[3.85162,48.52347],[3.86565,48.53787],[3.8658,48.54359],[3.85987,48.54376],[3.85843,48.55881],[3.86233,48.56162],[3.8619,48.57222],[3.8549,48.57288],[3.85446,48.57726],[3.86992,48.58036],[3.88374,48.57811],[3.88473,48.57816],[3.89919,48.57493],[3.90851,48.60171],[3.9114,48.60184],[3.91551,48.60637],[3.94925,48.60321],[3.95643,48.62003],[3.96658,48.62969],[3.98045,48.62944],[3.97786,48.63493],[3.98472,48.65338],[3.9974,48.65895],[4.00122,48.66395],[4.02206,48.66217],[4.02991,48.65957],[4.04409,48.66105],[4.05378,48.66851],[4.05811,48.66624],[4.06919,48.67927],[4.06281,48.68208],[4.07847,48.7015],[4.08823,48.69867],[4.13115,48.68634],[4.14186,48.69595],[4.15777,48.7044],[4.17844,48.70872],[4.19762,48.70375],[4.2186,48.70476],[4.23317,48.70225],[4.24317,48.71672],[4.25209,48.70896],[4.26399,48.70597],[4.27422,48.71066],[4.28544,48.70975],[4.29946,48.71475],[4.31133,48.71065],[4.32701,48.69749],[4.32309,48.68365],[4.33054,48.68141],[4.33306,48.67059],[4.3246,48.66228],[4.32851,48.65634],[4.31735,48.65197],[4.32352,48.6443],[4.32504,48.64181],[4.3297,48.6363],[4.33474,48.63246],[4.31539,48.61609],[4.33091,48.60216],[4.34972,48.59774],[4.35453,48.59293],[4.38231,48.57578],[4.38744,48.57074],[4.40613,48.56013],[4.42359,48.55431],[4.42794,48.55326],[4.44042,48.54987],[4.46386,48.54766],[4.47802,48.54526],[4.4954,48.53876],[4.51102,48.54793],[4.52096,48.545],[4.52685,48.53984],[4.53119,48.52952],[4.54545,48.52522],[4.54751,48.53586],[4.56053,48.54427],[4.57539,48.54998],[4.58104,48.54824],[4.59284,48.55213],[4.63009,48.5548],[4.64134,48.55388],[4.63453,48.55149],[4.63501,48.54447],[4.65105,48.53692],[4.66542,48.53798],[4.67007,48.53193],[4.6766,48.51764],[4.66592,48.51087],[4.65838,48.50645],[4.65935,48.49295],[4.65191,48.47892],[4.65332,48.47112],[4.62661,48.46797],[4.63562,48.4566],[4.67259,48.44542],[4.67683,48.43626],[4.6771,48.43234],[4.68984,48.42513],[4.6803,48.41707],[4.68904,48.41714],[4.69765,48.41184],[4.70378,48.40442],[4.70015,48.39595],[4.70358,48.39313],[4.71715,48.39564],[4.74591,48.39256],[4.76019,48.38761],[4.75458,48.36655],[4.76259,48.36448],[4.77865,48.35618],[4.78551,48.35861],[4.82333,48.34369],[4.83249,48.34623],[4.84148,48.33947],[4.83074,48.33529],[4.81421,48.32301],[4.82503,48.31239],[4.82627,48.30224],[4.83689,48.30345],[4.84017,48.29851],[4.85084,48.29625],[4.84243,48.28365],[4.84799,48.27553],[4.86162,48.26636],[4.85708,48.2602],[4.84469,48.25743],[4.84458,48.24906],[4.85265,48.23051],[4.85127,48.22661],[4.83557,48.22204],[4.84211,48.21421],[4.86123,48.21115],[4.86332,48.20004],[4.85627,48.19267],[4.8469,48.18008],[4.84719,48.17524],[4.83705,48.16844],[4.83545,48.16173],[4.84033,48.15772],[4.83695,48.15177],[4.85102,48.14521],[4.84072,48.134],[4.82867,48.12921],[4.83464,48.11492],[4.83438,48.10516],[4.81931,48.10319],[4.80428,48.10481],[4.78699,48.10916],[4.76367,48.11543],[4.74589,48.11489],[4.73174,48.11945],[4.72551,48.10722],[4.70725,48.09515],[4.70492,48.08875],[4.69066,48.08606],[4.6775,48.08118],[4.66987,48.08318],[4.65762,48.07918],[4.66075,48.07715],[4.69048,48.07269],[4.70004,48.06617],[4.71042,48.05052],[4.72316,48.04576],[4.71045,48.03613],[4.70529,48.02584],[4.67082,48.01534],[4.66538,48.021],[4.65588,48.01697],[4.64745,48.02572],[4.63457,48.02434],[4.61981,48.02524],[4.61655,48.0313],[4.6102,48.0288],[4.59842,48.03051],[4.57832,48.02885],[4.56709,48.0186],[4.55467,48.01239],[4.54948,48.00443],[4.53572,48.00677],[4.53583,48.00098],[4.54526,47.98841],[4.555,47.98599],[4.56003,47.97174],[4.55422,47.96766],[4.52901,47.96976],[4.51838,47.9668],[4.49309,47.96818],[4.48418,47.96367],[4.46991,47.95993],[4.45326,47.95931],[4.44713,47.95638],[4.43804,47.95963],[4.4285,47.96574],[4.41692,47.96865],[4.39723,47.96224],[4.37244,47.96164],[4.36149,47.95719],[4.34311,47.95585],[4.34035,47.95805],[4.31975,47.95962],[4.31272,47.96269],[4.29925,47.94879],[4.30297,47.93789],[4.2928,47.92588],[4.2883,47.92709],[4.26649,47.92396],[4.24209,47.93253],[4.23697,47.94085],[4.22391,47.9485],[4.22794,47.96252],[4.22582,47.97209],[4.20301,47.97328],[4.19554,47.96788],[4.20187,47.96195],[4.2071,47.94481],[4.2027,47.94166],[4.1855,47.94027],[4.18417,47.95589],[4.16721,47.96014],[4.15586,47.95579],[4.14016,47.94276],[4.14184,47.93711],[4.13337,47.93802],[4.12211,47.93165],[4.10961,47.92604],[4.10706,47.92981],[4.09139,47.92965],[4.09269,47.94128],[4.08969,47.94501],[4.07788,47.94299],[4.06076,47.94579],[4.0569,47.94263],[4.05887,47.9317],[4.04381,47.92582],[4.03128,47.93319],[4.02521,47.92862],[4.01626,47.92939],[4.01361,47.93683],[4.005,47.94259],[3.98578,47.93067],[3.98119,47.93017],[3.96168,47.93628],[3.94813,47.93079],[3.92626,47.93481],[3.91825,47.92816],[3.90498,47.92514],[3.89558,47.92861],[3.89403,47.92917],[3.90344,47.93844],[3.90208,47.94326],[3.90772,47.96457],[3.9147,47.9757],[3.90356,47.99168],[3.90151,47.99638],[3.88567,48.0003],[3.88529,47.99159],[3.87991,47.97912],[3.86171,47.97658],[3.86587,47.98448],[3.85003,47.98373],[3.84656,47.99265],[3.83908,47.99925],[3.83956,48.00394],[3.85474,48.00344],[3.86359,48.007],[3.87069,48.00298],[3.87053,48.01689],[3.85654,48.02322],[3.84323,48.03554],[3.8322,48.03636],[3.82205,48.04414],[3.8304,48.04734],[3.82392,48.05322],[3.82934,48.05754],[3.82625,48.06366],[3.80568,48.08215],[3.79949,48.08612],[3.79758,48.09233],[3.80565,48.10052],[3.80166,48.10673],[3.79179,48.11771],[3.78055,48.12025],[3.76858,48.13298],[3.76212,48.13181],[3.75691,48.12531],[3.73988,48.13238],[3.73974,48.1387],[3.74572,48.14531],[3.75512,48.1503],[3.75179,48.16182],[3.74548,48.16753]]]},"properties":{"dep":"10","code":"10","nom":"10"}},{"type":"Feature","geometry":{"type":"Polygon","coordinates":[[[4.22744,47.67895],[4.22595,47.67137],[4.24958,47.66051],[4.23712,47.64879],[4.22768,47.64334],[4.22247,47.63098],[4.21501,47.63064],[4.2119,47.60481],[4.19732,47.59681],[4.18614,47.58129],[4.18647,47.56972],[4.17194,47.55021],[4.16457,47.55361],[4.15653,47.55162],[4.15338,47.54294],[4.14592,47.54045],[4.1506,47.5327],[4.1416,47.52553],[4.136,47.51754],[4.1286,47.51825],[4.11531,47.51427],[4.11714,47.50596],[4.1125,47.50357],[4.11623,47.49786],[4.12324,47.49048],[4.11531,47.48245],[4.1206,47.47781],[4.13037,47.47114],[4.12979,47.46245],[4.12237,47.45381],[4.12396,47.45044],[4.11613,47.44188],[4.1073,47.44699],[4.10113,47.44388],[4.10834,47.43743],[4.09892,47.4305],[4.08658,47.44047],[4.08362,47.43376],[4.08467,47.42058],[4.0652,47.40726],[4.06722,47.40096],[4.07574,47.40015],[4.08593,47.39171],[4.07613,47.38291],[4.08017,47.37609],[4.09838,47.37156],[4.10649,47.37551],[4.10564,47.36279],[4.09794,47.35563],[4.10677,47.35207],[4.10805,47.33972],[4.09462,47.33687],[4.08201,47.34198],[4.077,47.34118],[4.07106,47.33808],[4.06022,47.34133],[4.04389,47.33966],[4.04131,47.32878],[4.02978,47.3254],[4.02756,47.31347],[4.02141,47.31119],[4.0084,47.31504],[4.00234,47.31057],[3.98942,47.32061],[3.98065,47.3236],[3.97373,47.33125],[3.96787,47.36314],[3.96232,47.36906],[3.9724,47.37212],[3.97098,47.37845],[3.96063,47.38588],[3.94885,47.39449],[3.94437,47.38011],[3.93456,47.37906],[3.909,47.38225],[3.88649,47.36634],[3.87201,47.36575],[3.86884,47.37085],[3.86996,47.3806],[3.85965,47.38787],[3.8635,47.39586],[3.87604,47.39712],[3.89303,47.4109],[3.89116,47.41825],[3.88142,47.42318],[3.87984,47.42979],[3.86732,47.4345],[3.8515,47.43558],[3.85188,47.42765],[3.84114,47.40724],[3.83004,47.40718],[3.82171,47.40278],[3.82143,47.39807],[3.83152,47.39266],[3.82535,47.3814],[3.81303,47.37974],[3.80248,47.38956],[3.78579,47.39036],[3.78394,47.40526],[3.77453,47.40614],[3.77307,47.40278],[3.75905,47.40203],[3.74056,47.3965],[3.726,47.39822],[3.71672,47.40309],[3.71184,47.41607],[3.70016,47.42779],[3.68393,47.434],[3.6733,47.43505],[3.67946,47.4473],[3.67327,47.45025],[3.66653,47.44613],[3.63904,47.45209],[3.63409,47.45604],[3.61569,47.4575],[3.61797,47.46479],[3.60558,47.46598],[3.58727,47.45619],[3.58821,47.46234],[3.57916,47.46638],[3.58018,47.47852],[3.57527,47.48633],[3.58059,47.49781],[3.57533,47.4986],[3.55259,47.50216],[3.55096,47.50693],[3.54168,47.51421],[3.51325,47.52734],[3.511,47.55061],[3.49842,47.56083],[3.49174,47.56002],[3.49424,47.53961],[3.49214,47.532],[3.49519,47.52167],[3.49097,47.51566],[3.49227,47.49907],[3.48447,47.49271],[3.46186,47.50135],[3.45013,47.49989],[3.44931,47.50771],[3.43923,47.50876],[3.42739,47.50631],[3.4122,47.50769],[3.40547,47.50868],[3.39011,47.50908],[3.39095,47.49734],[3.37997,47.48635],[3.36195,47.48534],[3.35569,47.47883],[3.34534,47.47857],[3.34666,47.46951],[3.33803,47.47012],[3.3403,47.48098],[3.32254,47.48519],[3.30705,47.49472],[3.2964,47.49167],[3.28527,47.50396],[3.27555,47.49073],[3.25736,47.49118],[3.24739,47.4872],[3.23613,47.48833],[3.22558,47.50425],[3.20876,47.51696],[3.20429,47.52332],[3.19953,47.52158],[3.18493,47.52462],[3.16515,47.51749],[3.1618,47.52458],[3.15019,47.5281],[3.14049,47.53515],[3.13467,47.54283],[3.12192,47.54065],[3.11738,47.55754],[3.11622,47.56925],[3.12349,47.57411],[3.12026,47.57888],[3.11201,47.58363],[3.1013,47.58828],[3.08053,47.58567],[3.07192,47.57966],[3.06035,47.5696],[3.03411,47.56396],[3.0223,47.55769],[3.0103,47.56016],[2.99031,47.56882],[2.97654,47.56948],[2.96558,47.57358],[2.96438,47.58177],[2.95703,47.5895],[2.95005,47.5894],[2.93613,47.59942],[2.94518,47.60842],[2.94163,47.61064],[2.93232,47.62705],[2.93616,47.63643],[2.95394,47.64594],[2.94234,47.6534],[2.94104,47.65758],[2.92841,47.65805],[2.91817,47.66977],[2.92639,47.68162],[2.89309,47.69888],[2.88407,47.70207],[2.87916,47.7038],[2.88466,47.7139],[2.87859,47.72035],[2.86082,47.71018],[2.84865,47.71698],[2.84852,47.72602],[2.8535,47.72928],[2.8584,47.75088],[2.85186,47.75779],[2.85636,47.7618],[2.8698,47.76493],[2.89062,47.76512],[2.91303,47.76943],[2.92305,47.76411],[2.93559,47.76325],[2.94967,47.76575],[2.95474,47.77556],[2.96163,47.77525],[2.98045,47.78253],[2.98823,47.78603],[2.99994,47.78716],[3.0238,47.78637],[3.02807,47.80123],[3.02434,47.81308],[3.01502,47.81343],[3.02223,47.81786],[3.01392,47.82245],[3.01222,47.83424],[3.02906,47.83503],[3.03178,47.85036],[3.02316,47.86101],[3.0106,47.86231],[2.99462,47.86736],[3.01238,47.87404],[3.00701,47.8839],[3.0099,47.88961],[3.00708,47.89544],[3.01215,47.90313],[3.0201,47.90749],[3.03059,47.90788],[3.03837,47.907],[3.05049,47.91064],[3.05087,47.92425],[3.06174,47.92613],[3.06461,47.93052],[3.07851,47.93143],[3.08413,47.94257],[3.0984,47.94878],[3.10527,47.94694],[3.11469,47.96367],[3.12836,47.97118],[3.12668,47.99127],[3.12112,47.99594],[3.12402,48.00711],[3.11547,48.01296],[3.1055,48.01265],[3.09966,48.01921],[3.12422,48.03098],[3.12423,48.03111],[3.10602,48.0357],[3.09449,48.04029],[3.08978,48.04936],[3.09543,48.05398],[3.08832,48.05393],[3.08026,48.06049],[3.06078,48.06421],[3.05022,48.07216],[3.04989,48.08867],[3.04291,48.09338],[3.03835,48.09885],[3.03721,48.1075],[3.03233,48.11423],[3.0159,48.1158],[3.02931,48.13332],[3.02312,48.13567],[3.01189,48.14489],[3.0039,48.14486],[2.99814,48.13994],[2.99096,48.1469],[2.9637,48.15308],[2.95461,48.15967],[2.95322,48.16518],[2.93662,48.16346],[2.93479,48.16741],[2.93478,48.17162],[2.93439,48.17367],[2.93466,48.17598],[2.93535,48.17723],[2.93467,48.17913],[2.93569,48.17983],[2.93696,48.18315],[2.94025,48.18297],[2.94872,48.18938],[2.95535,48.19251],[2.95757,48.1917],[2.96138,48.19195],[2.96517,48.19308],[2.96744,48.19298],[2.97097,48.19421],[2.97364,48.19695],[2.97381,48.19829],[2.9714,48.20091],[2.9718,48.20424],[2.97324,48.20562],[2.98001,48.20567],[2.98155,48.20609],[2.98619,48.2083],[2.98907,48.20923],[2.99135,48.20732],[2.99281,48.20465],[2.99503,48.20558],[2.99679,48.20732],[2.99938,48.2068],[3.00233,48.20744],[3.00446,48.20703],[3.00732,48.21107],[3.00856,48.21236],[3.00704,48.21391],[3.00707,48.21481],[3.01056,48.21867],[3.01149,48.22059],[3.01302,48.22218],[3.01418,48.22357],[3.0203,48.2285],[3.02309,48.23045],[3.01909,48.23183],[3.02069,48.23412],[3.01883,48.23512],[3.02752,48.24161],[3.02599,48.24201],[3.03142,48.24885],[3.0365,48.25085],[3.04307,48.24932],[3.04735,48.2497],[3.04614,48.25284],[3.04619,48.25636],[3.04487,48.25956],[3.04268,48.2624],[3.046,48.26681],[3.04547,48.27074],[3.0437,48.27201],[3.03593,48.27357],[3.03119,48.27369],[3.02843,48.27506],[3.02473,48.27603],[3.02614,48.27962],[3.02668,48.2825],[3.02961,48.28578],[3.02799,48.28687],[3.02418,48.29116],[3.02173,48.29255],[3.0186,48.29496],[3.0202,48.29671],[3.02495,48.29909],[3.02723,48.30074],[3.02752,48.30284],[3.0196,48.3031],[3.01548,48.30514],[3.01465,48.30629],[3.01534,48.3073],[3.02084,48.31228],[3.02239,48.31411],[3.02412,48.31448],[3.02508,48.31624],[3.02687,48.31688],[3.02625,48.31899],[3.029,48.31974],[3.02806,48.32161],[3.03384,48.32344],[3.03384,48.32424],[3.03634,48.3258],[3.03816,48.32845],[3.04188,48.32916],[3.04337,48.33066],[3.04318,48.33225],[3.03667,48.33495],[3.0364,48.33782],[3.03736,48.34118],[3.03706,48.34267],[3.03996,48.34717],[3.04167,48.35063],[3.04613,48.35797],[3.04755,48.35785],[3.05028,48.36],[3.0543,48.3605],[3.05863,48.35793],[3.06035,48.35742],[3.06632,48.35767],[3.07043,48.35824],[3.07442,48.36024],[3.07865,48.36126],[3.08176,48.3606],[3.08359,48.35868],[3.08571,48.35767],[3.08845,48.35722],[3.0936,48.35794],[3.09748,48.35779],[3.09998,48.35726],[3.10098,48.35495],[3.09944,48.35308],[3.09953,48.35178],[3.10336,48.34936],[3.10797,48.35345],[3.10711,48.35394],[3.10886,48.35542],[3.1107,48.35976],[3.11391,48.36401],[3.11705,48.36652],[3.11923,48.3669],[3.12212,48.36864],[3.12832,48.36726],[3.12789,48.36957],[3.13194,48.36944],[3.13423,48.37024],[3.13642,48.37169],[3.13982,48.37257],[3.14129,48.37005],[3.14098,48.36893],[3.14312,48.36842],[3.14664,48.36665],[3.14794,48.3685],[3.14806,48.37005],[3.15031,48.36954],[3.15243,48.37144],[3.15533,48.37022],[3.15694,48.37221],[3.15898,48.37134],[3.16414,48.37146],[3.16705,48.37107],[3.16943,48.37394],[3.17157,48.37742],[3.17619,48.37666],[3.17908,48.37572],[3.18117,48.37445],[3.18283,48.37196],[3.18463,48.36809],[3.1868,48.36854],[3.19051,48.37096],[3.1939,48.36908],[3.19741,48.36763],[3.19849,48.36523],[3.20023,48.36364],[3.20415,48.36438],[3.20532,48.36489],[3.20925,48.36544],[3.21196,48.36667],[3.21369,48.36696],[3.21558,48.36804],[3.22296,48.37037],[3.22486,48.36924],[3.22579,48.36991],[3.2273,48.37015],[3.23303,48.3702],[3.23205,48.36929],[3.23834,48.36793],[3.24568,48.36739],[3.2481,48.36751],[3.24975,48.36554],[3.25115,48.36517],[3.25447,48.3651],[3.25451,48.36663],[3.25684,48.36681],[3.2567,48.36786],[3.2618,48.36836],[3.26107,48.37304],[3.26719,48.3736],[3.26718,48.37578],[3.26855,48.37582],[3.26805,48.37784],[3.27232,48.37883],[3.27315,48.37717],[3.27679,48.37721],[3.2798,48.37759],[3.28249,48.37744],[3.28291,48.38162],[3.28611,48.38073],[3.29127,48.38004],[3.28981,48.37694],[3.29116,48.37627],[3.29521,48.37702],[3.29886,48.37893],[3.30029,48.37835],[3.29953,48.37562],[3.30135,48.37564],[3.30172,48.37391],[3.30502,48.37396],[3.30521,48.37295],[3.31104,48.37298],[3.30932,48.37698],[3.31263,48.37709],[3.31717,48.37652],[3.3199,48.37555],[3.31985,48.37487],[3.32252,48.37359],[3.32793,48.37298],[3.3298,48.37223],[3.33201,48.37223],[3.33546,48.37019],[3.33645,48.37314],[3.34144,48.37311],[3.34374,48.37338],[3.34835,48.37333],[3.35115,48.37874],[3.35669,48.3785],[3.35593,48.37692],[3.35647,48.37156],[3.35792,48.37115],[3.35933,48.3722],[3.36179,48.37246],[3.36518,48.37227],[3.36574,48.37592],[3.36293,48.37609],[3.36286,48.38245],[3.36366,48.38517],[3.36723,48.39425],[3.3736,48.39345],[3.37555,48.39861],[3.37804,48.39912],[3.38089,48.39894],[3.38344,48.39925],[3.38539,48.39842],[3.38786,48.39847],[3.38809,48.39715],[3.39065,48.39624],[3.39473,48.39546],[3.39456,48.39354],[3.39556,48.39251],[3.39722,48.3928],[3.39818,48.39157],[3.40031,48.39209],[3.40202,48.38964],[3.40592,48.39109],[3.40638,48.38975],[3.40972,48.39031],[3.41474,48.39019],[3.41289,48.37815],[3.42174,48.37196],[3.4293,48.35857],[3.4372,48.36497],[3.44846,48.36842],[3.44733,48.37249],[3.46031,48.37509],[3.4706,48.37474],[3.47082,48.37444],[3.47488,48.36927],[3.49763,48.36958],[3.51317,48.36063],[3.52285,48.34867],[3.53487,48.33834],[3.54503,48.33434],[3.5439,48.31979],[3.56384,48.3212],[3.56681,48.30758],[3.58793,48.30094],[3.58574,48.29008],[3.57805,48.28697],[3.58772,48.27995],[3.60044,48.27949],[3.60191,48.27592],[3.61519,48.27254],[3.61521,48.27252],[3.62386,48.2593],[3.62432,48.25453],[3.61535,48.25086],[3.59955,48.23657],[3.6047,48.23003],[3.61502,48.23182],[3.62177,48.22566],[3.61394,48.22026],[3.60888,48.20949],[3.59989,48.20207],[3.57508,48.18882],[3.57875,48.18487],[3.59392,48.17868],[3.62166,48.19204],[3.64051,48.18462],[3.65065,48.16823],[3.66051,48.15926],[3.66791,48.13929],[3.69093,48.14502],[3.69452,48.15506],[3.70028,48.14538],[3.70508,48.14431],[3.72235,48.15684],[3.71446,48.17027],[3.71853,48.17559],[3.74548,48.16753],[3.75179,48.16182],[3.75512,48.1503],[3.74572,48.14531],[3.73974,48.1387],[3.73988,48.13238],[3.75691,48.12531],[3.76212,48.13181],[3.76858,48.13298],[3.78055,48.12025],[3.79179,48.11771],[3.80166,48.10673],[3.80565,48.10052],[3.79758,48.09233],[3.79949,48.08612],[3.80568,48.08215],[3.82625,48.06366],[3.82934,48.05754],[3.82392,48.05322],[3.8304,48.04734],[3.82205,48.04414],[3.8322,48.03636],[3.84323,48.03554],[3.85654,48.02322],[3.87053,48.01689],[3.87069,48.00298],[3.86359,48.007],[3.85474,48.00344],[3.83956,48.00394],[3.83908,47.99925],[3.84656,47.99265],[3.85003,47.98373],[3.86587,47.98448],[3.86171,47.97658],[3.87991,47.97912],[3.88529,47.99159],[3.88567,48.0003],[3.90151,47.99638],[3.90356,47.99168],[3.9147,47.9757],[3.90772,47.96457],[3.90208,47.94326],[3.90344,47.93844],[3.89403,47.92917],[3.89558,47.92861],[3.90498,47.92514],[3.91825,47.92816],[3.92626,47.93481],[3.94813,47.93079],[3.96168,47.93628],[3.98119,47.93017],[3.98578,47.93067],[4.005,47.94259],[4.01361,47.93683],[4.01626,47.92939],[4.02521,47.92862],[4.03128,47.93319],[4.04381,47.92582],[4.05887,47.9317],[4.0569,47.94263],[4.06076,47.94579],[4.07788,47.94299],[4.08969,47.94501],[4.09269,47.94128],[4.09139,47.92965],[4.10706,47.92981],[4.10961,47.92604],[4.12211,47.93165],[4.13337,47.93802],[4.14184,47.93711],[4.14016,47.94276],[4.15586,47.95579],[4.16721,47.96014],[4.18417,47.95589],[4.1855,47.94027],[4.2027,47.94166],[4.2071,47.94481],[4.20187,47.96195],[4.19554,47.96788],[4.20301,47.97328],[4.22582,47.97209],[4.22794,47.96252],[4.22391,47.9485],[4.23697,47.94085],[4.24209,47.93253],[4.26649,47.92396],[4.2883,47.92709],[4.2928,47.92588],[4.30479,47.92162],[4.30733,47.90844],[4.311,47.90389],[4.30005,47.90106],[4.2771,47.89933],[4.26835,47.88777],[4.24691,47.87802],[4.25236,47.8732],[4.26035,47.87567],[4.26685,47.86829],[4.26255,47.86092],[4.26455,47.84843],[4.261,47.84385],[4.27635,47.84003],[4.28874,47.84647],[4.29478,47.84667],[4.30126,47.84875],[4.32951,47.84442],[4.32082,47.83578],[4.32552,47.82089],[4.32018,47.81175],[4.3403,47.79956],[4.32727,47.78572],[4.33339,47.78106],[4.33546,47.77396],[4.3298,47.76883],[4.33247,47.75651],[4.3144,47.74899],[4.30943,47.75263],[4.30147,47.74085],[4.29308,47.73301],[4.28041,47.73852],[4.26051,47.7422],[4.26088,47.73397],[4.25444,47.72743],[4.23935,47.72458],[4.23976,47.71788],[4.25272,47.7162],[4.25669,47.70673],[4.26751,47.70547],[4.26174,47.69401],[4.27228,47.6865],[4.27254,47.68051],[4.2518,47.68392],[4.25089,47.677],[4.22744,47.67895]]]},"properties":{"dep":"89","code":"89","nom":"89"}},{"type":"Feature","geometry":{"type":"Polygon","coordinates":[[[2.98045,47.78253],[2.96163,47.77525],[2.95474,47.77556],[2.94967,47.76575],[2.93559,47.76325],[2.92305,47.76411],[2.91303,47.76943],[2.89062,47.76512],[2.8698,47.76493],[2.85636,47.7618],[2.85186,47.75779],[2.8584,47.75088],[2.8535,47.72928],[2.84852,47.72602],[2.84865,47.71698],[2.86082,47.71018],[2.87859,47.72035],[2.88466,47.7139],[2.87916,47.7038],[2.88407,47.70207],[2.89309,47.69888],[2.92639,47.68162],[2.91817,47.66977],[2.92841,47.65805],[2.94104,47.65758],[2.94234,47.6534],[2.95394,47.64594],[2.93616,47.63643],[2.93232,47.62705],[2.94163,47.61064],[2.94518,47.60842],[2.93613,47.59942],[2.95005,47.5894],[2.95703,47.5895],[2.96438,47.58177],[2.96558,47.57358],[2.97654,47.56948],[2.96368,47.56419],[2.95879,47.55751],[2.93277,47.56323],[2.91433,47.56603],[2.90915,47.55909],[2.89772,47.55446],[2.88386,47.55272],[2.8739,47.55281],[2.8731,47.54516],[2.86245,47.54643],[2.86004,47.55423],[2.8449,47.54489],[2.84864,47.53772],[2.87463,47.52043],[2.86449,47.51662],[2.84607,47.51355],[2.83256,47.50707],[2.82554,47.4974],[2.80733,47.49434],[2.7931,47.49771],[2.79646,47.50555],[2.78461,47.51131],[2.76712,47.52531],[2.7504,47.5241],[2.73838,47.5288],[2.73164,47.53822],[2.72668,47.53634],[2.72907,47.53219],[2.72217,47.5213],[2.72767,47.5068],[2.72466,47.494],[2.71474,47.48804],[2.70339,47.48903],[2.68506,47.48303],[2.65744,47.48722],[2.65574,47.51044],[2.64395,47.51676],[2.6364,47.51548],[2.61187,47.5265],[2.61645,47.54105],[2.60708,47.54915],[2.59389,47.55831],[2.58375,47.55751],[2.57284,47.55982],[2.56744,47.56853],[2.56321,47.57214],[2.54711,47.57516],[2.5079,47.56818],[2.49136,47.5683],[2.4877,47.5743],[2.47528,47.57957],[2.45255,47.59676],[2.45018,47.60571],[2.43808,47.60977],[2.40701,47.60035],[2.40058,47.59947],[2.38845,47.59092],[2.38107,47.59178],[2.37287,47.58569],[2.35514,47.59442],[2.34247,47.60538],[2.32468,47.60784],[2.31272,47.61519],[2.29121,47.62396],[2.28945,47.6291],[2.25921,47.62437],[2.24775,47.62051],[2.23977,47.62098],[2.2415,47.63614],[2.2339,47.65139],[2.22917,47.65452],[2.21988,47.66797],[2.21318,47.66179],[2.20528,47.66124],[2.20608,47.67639],[2.20368,47.67855],[2.1768,47.67235],[2.14851,47.67042],[2.13971,47.67753],[2.12698,47.67845],[2.11593,47.67527],[2.0976,47.6791],[2.08722,47.678],[2.07455,47.68215],[2.06643,47.67422],[2.04338,47.67796],[2.02903,47.6753],[2.00878,47.67866],[1.99788,47.6747],[1.99616,47.66386],[1.98795,47.66164],[1.9819,47.66554],[1.96986,47.66348],[1.96375,47.65778],[1.95609,47.66196],[1.94148,47.6605],[1.94406,47.66692],[1.93794,47.67907],[1.92201,47.67816],[1.91614,47.67452],[1.90465,47.67519],[1.88731,47.67893],[1.87011,47.67418],[1.86087,47.67818],[1.86314,47.68887],[1.85442,47.68969],[1.84347,47.68628],[1.84326,47.66823],[1.84517,47.65708],[1.83266,47.6559],[1.82003,47.65225],[1.81012,47.65343],[1.80325,47.64792],[1.80325,47.63923],[1.79347,47.63644],[1.77812,47.64374],[1.78169,47.65234],[1.74839,47.65583],[1.73965,47.66181],[1.74042,47.66748],[1.7292,47.68725],[1.71933,47.69598],[1.72802,47.69959],[1.71293,47.7221],[1.71359,47.73341],[1.70602,47.73361],[1.68807,47.73987],[1.67535,47.73873],[1.65582,47.74732],[1.62653,47.76104],[1.62128,47.74329],[1.61351,47.73648],[1.59386,47.72864],[1.58474,47.73053],[1.60055,47.7413],[1.59129,47.7449],[1.54772,47.76956],[1.57101,47.78713],[1.56137,47.79089],[1.57037,47.79696],[1.55003,47.81212],[1.52714,47.8222],[1.53678,47.83434],[1.54528,47.83917],[1.58342,47.86859],[1.59061,47.87883],[1.58313,47.89334],[1.57506,47.89843],[1.58168,47.90208],[1.57908,47.90362],[1.55532,47.91993],[1.53723,47.92728],[1.52568,47.92923],[1.52545,47.94201],[1.53402,47.94954],[1.55602,47.95539],[1.54862,47.95682],[1.54758,47.96549],[1.56037,47.96783],[1.56672,47.98014],[1.56474,47.98973],[1.55757,47.98626],[1.55235,47.99208],[1.54011,47.98961],[1.52782,47.98188],[1.52012,47.98228],[1.51828,47.98683],[1.52539,47.99278],[1.51706,47.99697],[1.52663,48.00719],[1.5179,48.01174],[1.51238,48.02804],[1.52258,48.03451],[1.54718,48.02951],[1.55093,48.03516],[1.5389,48.03829],[1.54539,48.04442],[1.56642,48.03623],[1.58638,48.03321],[1.58695,48.03052],[1.59412,48.0307],[1.59716,48.04318],[1.60816,48.04363],[1.62123,48.04832],[1.62489,48.05748],[1.62154,48.06407],[1.62402,48.07011],[1.63759,48.06799],[1.65925,48.07666],[1.67812,48.06621],[1.68918,48.07795],[1.70863,48.06717],[1.71887,48.06627],[1.72518,48.07063],[1.74517,48.06391],[1.75472,48.06516],[1.76046,48.07026],[1.77126,48.0701],[1.77991,48.0776],[1.79808,48.07673],[1.80041,48.08413],[1.80277,48.08917],[1.81298,48.08474],[1.83837,48.08074],[1.83787,48.0867],[1.8659,48.08366],[1.86517,48.0952],[1.87373,48.09908],[1.88438,48.09768],[1.89004,48.10564],[1.89958,48.12742],[1.91247,48.12921],[1.92045,48.14639],[1.90523,48.14628],[1.90338,48.15278],[1.90794,48.15905],[1.92463,48.17378],[1.94095,48.16774],[1.9449,48.17468],[1.95226,48.17509],[1.96903,48.17159],[1.97116,48.17811],[1.96518,48.1871],[1.95144,48.18961],[1.95106,48.19501],[1.95708,48.20362],[1.96662,48.20218],[1.96242,48.19433],[1.97085,48.19005],[1.97939,48.20401],[1.96746,48.22011],[1.9628,48.22254],[1.96684,48.23509],[1.96228,48.24574],[1.96537,48.25579],[1.9749,48.25804],[1.9874,48.26896],[1.99457,48.28263],[1.99377,48.28678],[2.00285,48.28625],[2.00464,48.28698],[2.00469,48.28495],[2.00762,48.28549],[2.01142,48.28492],[2.01164,48.28581],[2.02013,48.2863],[2.0204,48.28785],[2.0242,48.28775],[2.02486,48.2892],[2.03434,48.28809],[2.03765,48.2883],[2.03683,48.28669],[2.03906,48.2859],[2.04079,48.28456],[2.04348,48.28648],[2.04858,48.28926],[2.05114,48.29009],[2.05182,48.29035],[2.05204,48.29461],[2.05266,48.29543],[2.05816,48.29474],[2.06702,48.29418],[2.06948,48.29422],[2.07811,48.29377],[2.08276,48.29385],[2.08943,48.29478],[2.08946,48.2977],[2.09207,48.29985],[2.09635,48.30138],[2.09888,48.30287],[2.09926,48.3047],[2.10131,48.30607],[2.1054,48.3077],[2.1099,48.30731],[2.11345,48.3073],[2.11343,48.3066],[2.11039,48.29701],[2.1207,48.29775],[2.12811,48.29863],[2.13517,48.29918],[2.14585,48.29935],[2.15364,48.29922],[2.16179,48.29843],[2.16389,48.29838],[2.16191,48.30262],[2.16087,48.3047],[2.15561,48.30406],[2.15364,48.30834],[2.15174,48.3141],[2.15207,48.3161],[2.15441,48.31611],[2.15489,48.3151],[2.16168,48.31413],[2.16918,48.31275],[2.17101,48.31526],[2.17162,48.31605],[2.1807,48.31164],[2.18155,48.31345],[2.18505,48.32111],[2.18441,48.32261],[2.18181,48.32172],[2.18202,48.32408],[2.18505,48.32641],[2.18806,48.32797],[2.18851,48.32899],[2.18799,48.33241],[2.19081,48.33255],[2.19133,48.33357],[2.20287,48.33876],[2.20518,48.34229],[2.20202,48.34317],[2.2022,48.34461],[2.20729,48.34495],[2.20722,48.34176],[2.2126,48.34049],[2.21189,48.33859],[2.21275,48.33751],[2.2157,48.33716],[2.2152,48.33428],[2.21779,48.33356],[2.21936,48.33543],[2.22393,48.33644],[2.22668,48.33266],[2.22829,48.33295],[2.22917,48.33139],[2.22778,48.32954],[2.22992,48.32932],[2.23441,48.32774],[2.2359,48.32932],[2.23445,48.33024],[2.23785,48.33222],[2.23999,48.33089],[2.24311,48.32981],[2.2438,48.33081],[2.24193,48.33133],[2.24334,48.33259],[2.24624,48.33118],[2.24623,48.32961],[2.24384,48.32438],[2.24125,48.321],[2.238,48.31626],[2.25236,48.31663],[2.24942,48.31454],[2.24617,48.30836],[2.24674,48.3055],[2.24483,48.30157],[2.24542,48.30018],[2.24522,48.29822],[2.25145,48.29991],[2.25341,48.3],[2.255,48.30149],[2.2556,48.30207],[2.25899,48.30746],[2.26201,48.30692],[2.26254,48.30795],[2.26484,48.30935],[2.26244,48.31031],[2.26466,48.3127],[2.26618,48.31303],[2.26681,48.31471],[2.26927,48.315],[2.26915,48.31335],[2.27225,48.31364],[2.27236,48.31188],[2.27781,48.31298],[2.28329,48.31281],[2.28589,48.31114],[2.29173,48.30898],[2.2956,48.30791],[2.30024,48.31132],[2.29854,48.3121],[2.30104,48.3157],[2.30362,48.31821],[2.30735,48.32419],[2.30831,48.32433],[2.31118,48.32888],[2.31297,48.32876],[2.31266,48.3306],[2.31715,48.33166],[2.31805,48.33023],[2.32369,48.33234],[2.32449,48.332],[2.32448,48.32969],[2.32644,48.32971],[2.32764,48.33315],[2.32927,48.33281],[2.32873,48.33144],[2.32887,48.32652],[2.33445,48.32733],[2.33622,48.32634],[2.34057,48.31967],[2.34206,48.31668],[2.34604,48.31731],[2.34608,48.31607],[2.34829,48.31633],[2.34863,48.31516],[2.35305,48.31449],[2.35399,48.31292],[2.35665,48.31089],[2.35815,48.30887],[2.3609,48.30912],[2.36668,48.312],[2.36829,48.30949],[2.36962,48.3088],[2.37663,48.31071],[2.38151,48.31164],[2.38521,48.31145],[2.38794,48.31265],[2.39027,48.31282],[2.3944,48.31476],[2.39727,48.31321],[2.39761,48.31492],[2.39981,48.31624],[2.39849,48.31884],[2.40297,48.32064],[2.40258,48.31826],[2.40409,48.3174],[2.40434,48.31488],[2.40574,48.31428],[2.40649,48.31238],[2.40854,48.31108],[2.40983,48.30935],[2.41335,48.30678],[2.41504,48.30426],[2.41856,48.30177],[2.42031,48.29976],[2.42099,48.29836],[2.42115,48.29623],[2.42344,48.29442],[2.42242,48.29061],[2.42332,48.28847],[2.42173,48.28565],[2.42012,48.28518],[2.41985,48.28277],[2.41818,48.28089],[2.41759,48.2783],[2.41915,48.27709],[2.41904,48.2744],[2.41794,48.27333],[2.41777,48.27188],[2.41918,48.27063],[2.42125,48.26788],[2.41985,48.26693],[2.41975,48.26577],[2.42158,48.26384],[2.4223,48.26178],[2.42351,48.26022],[2.4264,48.2599],[2.42803,48.25669],[2.43029,48.25538],[2.43239,48.25484],[2.43853,48.25475],[2.44021,48.25328],[2.4428,48.25357],[2.4434,48.25437],[2.44635,48.2553],[2.45009,48.25128],[2.45011,48.24992],[2.45319,48.2501],[2.45782,48.25149],[2.46706,48.25462],[2.4687,48.25533],[2.47618,48.25127],[2.4759,48.25039],[2.47879,48.24983],[2.47609,48.24464],[2.48417,48.23891],[2.48663,48.24013],[2.48755,48.23954],[2.49426,48.2388],[2.50068,48.23885],[2.50627,48.23863],[2.50766,48.23297],[2.50663,48.22581],[2.51038,48.22581],[2.51251,48.22663],[2.51852,48.22831],[2.51736,48.22707],[2.51332,48.22451],[2.51427,48.2185],[2.5153,48.21759],[2.51405,48.21448],[2.51753,48.21443],[2.5169,48.21001],[2.52103,48.20659],[2.51901,48.20293],[2.51863,48.20123],[2.51992,48.20059],[2.52278,48.20038],[2.52286,48.19776],[2.52298,48.19486],[2.52003,48.19404],[2.51808,48.19411],[2.51457,48.19297],[2.51275,48.19309],[2.51369,48.19036],[2.51701,48.19096],[2.5179,48.19029],[2.51611,48.18721],[2.5088,48.18225],[2.50875,48.18064],[2.50715,48.17976],[2.5099,48.17782],[2.51557,48.17458],[2.51211,48.17075],[2.51472,48.16906],[2.51417,48.16859],[2.51677,48.16676],[2.51058,48.16075],[2.50595,48.15651],[2.50252,48.15822],[2.49338,48.16084],[2.48799,48.16223],[2.48316,48.1646],[2.48092,48.16265],[2.48013,48.1601],[2.4784,48.15663],[2.4784,48.15501],[2.47532,48.15617],[2.47357,48.15401],[2.47189,48.15452],[2.47397,48.15185],[2.47463,48.149],[2.46746,48.14827],[2.46585,48.14494],[2.46449,48.14454],[2.46441,48.14282],[2.46358,48.14137],[2.45992,48.13687],[2.45466,48.13581],[2.45181,48.13438],[2.4514,48.13223],[2.44886,48.13242],[2.44701,48.13152],[2.44396,48.13158],[2.44267,48.12578],[2.44177,48.12477],[2.44449,48.12433],[2.44763,48.12496],[2.44896,48.12572],[2.45196,48.12337],[2.45435,48.12244],[2.45876,48.12547],[2.45873,48.1258],[2.45984,48.12693],[2.46492,48.12935],[2.46813,48.12733],[2.46912,48.1294],[2.47255,48.12856],[2.47655,48.12939],[2.49023,48.12666],[2.5014,48.12651],[2.5151,48.12671],[2.51707,48.12581],[2.52072,48.12505],[2.52217,48.12532],[2.5196,48.12696],[2.52162,48.12763],[2.52977,48.13471],[2.53733,48.14018],[2.53791,48.14066],[2.54259,48.14115],[2.54757,48.14077],[2.55509,48.14088],[2.55927,48.14175],[2.56144,48.14141],[2.57062,48.14092],[2.57472,48.1313],[2.57696,48.13204],[2.58235,48.13237],[2.58581,48.13203],[2.5884,48.13214],[2.60039,48.13156],[2.60304,48.13161],[2.61317,48.13304],[2.6169,48.13483],[2.62229,48.13646],[2.62782,48.13698],[2.63373,48.13824],[2.6392,48.13891],[2.6407,48.13814],[2.64388,48.13746],[2.65331,48.12993],[2.66265,48.12231],[2.66444,48.12008],[2.66747,48.12071],[2.66901,48.12086],[2.67147,48.12213],[2.6722,48.12426],[2.67704,48.12582],[2.67774,48.12488],[2.68257,48.12449],[2.68782,48.12504],[2.69262,48.12383],[2.69442,48.12535],[2.69645,48.12527],[2.70329,48.12428],[2.70551,48.12312],[2.70677,48.12545],[2.71414,48.12942],[2.718,48.13233],[2.71912,48.13496],[2.72057,48.13696],[2.74559,48.14329],[2.74987,48.14477],[2.75562,48.14589],[2.75574,48.14895],[2.75357,48.1532],[2.75012,48.15483],[2.74948,48.15607],[2.74608,48.15724],[2.74605,48.15862],[2.74381,48.15839],[2.74276,48.15948],[2.74059,48.15996],[2.73974,48.16176],[2.738,48.16384],[2.7367,48.16615],[2.73997,48.16514],[2.74663,48.16372],[2.74745,48.16308],[2.75095,48.16193],[2.75284,48.1624],[2.75521,48.1602],[2.75981,48.16203],[2.75837,48.16347],[2.76673,48.16477],[2.76751,48.16364],[2.77095,48.16221],[2.77562,48.16425],[2.77687,48.16612],[2.77886,48.1674],[2.78107,48.16733],[2.7861,48.16645],[2.79205,48.16455],[2.79296,48.16583],[2.79413,48.16889],[2.79526,48.16913],[2.79742,48.16741],[2.79995,48.16819],[2.80067,48.16477],[2.80242,48.16441],[2.80828,48.16619],[2.81026,48.1661],[2.81142,48.16374],[2.80993,48.16159],[2.81032,48.16104],[2.80794,48.158],[2.80712,48.15822],[2.80342,48.15547],[2.80206,48.1551],[2.79798,48.1509],[2.79849,48.15025],[2.8012,48.14965],[2.79899,48.14657],[2.79921,48.14524],[2.79785,48.14476],[2.79788,48.14334],[2.79685,48.1418],[2.79926,48.13737],[2.80067,48.13481],[2.80078,48.13163],[2.80736,48.13135],[2.80756,48.13051],[2.81023,48.13034],[2.81394,48.1315],[2.81759,48.12997],[2.82093,48.12972],[2.82228,48.13191],[2.8242,48.13393],[2.8259,48.13324],[2.8301,48.13411],[2.83285,48.13439],[2.83632,48.13406],[2.84094,48.13829],[2.84568,48.13977],[2.84597,48.14054],[2.84983,48.14179],[2.85468,48.14453],[2.85948,48.14786],[2.86217,48.15111],[2.86313,48.15133],[2.86469,48.15376],[2.86679,48.15616],[2.86778,48.15666],[2.87102,48.15663],[2.88384,48.15792],[2.90001,48.15965],[2.93662,48.16346],[2.95322,48.16518],[2.95461,48.15967],[2.9637,48.15308],[2.99096,48.1469],[2.99814,48.13994],[3.0039,48.14486],[3.01189,48.14489],[3.02312,48.13567],[3.02931,48.13332],[3.0159,48.1158],[3.03233,48.11423],[3.03721,48.1075],[3.03835,48.09885],[3.04291,48.09338],[3.04989,48.08867],[3.05022,48.07216],[3.06078,48.06421],[3.08026,48.06049],[3.08832,48.05393],[3.09543,48.05398],[3.08978,48.04936],[3.09449,48.04029],[3.10602,48.0357],[3.12423,48.03111],[3.12422,48.03098],[3.09966,48.01921],[3.1055,48.01265],[3.11547,48.01296],[3.12402,48.00711],[3.12112,47.99594],[3.12668,47.99127],[3.12836,47.97118],[3.11469,47.96367],[3.10527,47.94694],[3.0984,47.94878],[3.08413,47.94257],[3.07851,47.93143],[3.06461,47.93052],[3.06174,47.92613],[3.05087,47.92425],[3.05049,47.91064],[3.03837,47.907],[3.03059,47.90788],[3.0201,47.90749],[3.01215,47.90313],[3.00708,47.89544],[3.0099,47.88961],[3.00701,47.8839],[3.01238,47.87404],[2.99462,47.86736],[3.0106,47.86231],[3.02316,47.86101],[3.03178,47.85036],[3.02906,47.83503],[3.01222,47.83424],[3.01392,47.82245],[3.02223,47.81786],[3.01502,47.81343],[3.02434,47.81308],[3.02807,47.80123],[3.0238,47.78637],[2.99994,47.78716],[2.98823,47.78603],[2.98045,47.78253]]]},"properties":{"dep":"45","code":"45","nom":"45"}},{"type":"Feature","geometry":{"type":"Polygon","coordinates":[[[1.37024,48.8007],[1.36809,48.80285],[1.36633,48.80466],[1.35581,48.81672],[1.35963,48.82215],[1.35961,48.83105],[1.37983,48.84328],[1.38991,48.84633],[1.3981,48.8567],[1.40593,48.86115],[1.42386,48.86132],[1.43025,48.86631],[1.44087,48.86476],[1.44993,48.86953],[1.45772,48.87155],[1.4654,48.87927],[1.46645,48.88852],[1.47161,48.89747],[1.46188,48.89934],[1.46049,48.90967],[1.45947,48.91454],[1.44781,48.92461],[1.45864,48.9279],[1.46114,48.93751],[1.48038,48.94049],[1.49225,48.93624],[1.5014,48.94103],[1.51182,48.93499],[1.51117,48.93201],[1.50847,48.931],[1.50711,48.9292],[1.50734,48.92757],[1.50918,48.9253],[1.51125,48.92352],[1.51434,48.9219],[1.51851,48.9253],[1.524,48.92492],[1.52851,48.92428],[1.52908,48.92469],[1.53213,48.92335],[1.53535,48.92261],[1.53841,48.92255],[1.5404,48.91851],[1.54169,48.91578],[1.54266,48.91455],[1.5452,48.91303],[1.54524,48.91086],[1.54348,48.90945],[1.5413,48.90843],[1.53815,48.90854],[1.5383,48.9067],[1.5399,48.90533],[1.54078,48.90359],[1.54198,48.9038],[1.54412,48.90115],[1.54604,48.90127],[1.54664,48.89998],[1.55015,48.8985],[1.54948,48.89754],[1.55142,48.89691],[1.55109,48.89574],[1.55363,48.89513],[1.55344,48.89347],[1.55592,48.89341],[1.55573,48.8923],[1.55714,48.89176],[1.56343,48.89049],[1.56079,48.88774],[1.56214,48.8871],[1.56126,48.88596],[1.55947,48.88184],[1.5566,48.88212],[1.55575,48.87979],[1.55459,48.88015],[1.55317,48.87747],[1.55136,48.87505],[1.54872,48.87586],[1.54596,48.87237],[1.55094,48.86855],[1.55381,48.86681],[1.55518,48.86492],[1.55897,48.86381],[1.55987,48.86657],[1.56126,48.86743],[1.56496,48.86632],[1.56815,48.86591],[1.57179,48.86402],[1.57462,48.86286],[1.57822,48.86074],[1.58039,48.86106],[1.58422,48.86036],[1.58384,48.85887],[1.58092,48.85345],[1.57984,48.85068],[1.57801,48.84844],[1.57735,48.84462],[1.58305,48.84414],[1.58678,48.84332],[1.59341,48.84109],[1.59283,48.84007],[1.5981,48.83889],[1.5947,48.83633],[1.59349,48.83405],[1.58442,48.83255],[1.57896,48.8297],[1.58367,48.82677],[1.58687,48.82312],[1.58953,48.81941],[1.59037,48.81742],[1.59156,48.815],[1.58553,48.81198],[1.58341,48.81055],[1.5808,48.81057],[1.57894,48.80905],[1.58007,48.8089],[1.58384,48.80726],[1.58182,48.80524],[1.58075,48.80585],[1.5773,48.80494],[1.57907,48.80314],[1.5781,48.80212],[1.58003,48.80008],[1.57832,48.79857],[1.57928,48.7966],[1.57765,48.79506],[1.58093,48.79351],[1.5754,48.79088],[1.57695,48.78922],[1.57623,48.78715],[1.57635,48.78487],[1.57771,48.78374],[1.57674,48.78297],[1.57788,48.78131],[1.58145,48.78011],[1.58009,48.77831],[1.58111,48.77755],[1.58447,48.77728],[1.58309,48.7759],[1.58789,48.77375],[1.58292,48.76764],[1.58149,48.76553],[1.58478,48.76341],[1.582,48.7619],[1.58924,48.76161],[1.59969,48.76053],[1.60571,48.76028],[1.60842,48.76073],[1.60998,48.75768],[1.61207,48.75668],[1.61737,48.75305],[1.62071,48.75146],[1.62508,48.74897],[1.62675,48.7481],[1.6236,48.74391],[1.62169,48.74184],[1.62357,48.74131],[1.62329,48.74004],[1.62221,48.73892],[1.62057,48.73609],[1.61613,48.73636],[1.61091,48.73044],[1.60999,48.72889],[1.60433,48.72529],[1.60174,48.72122],[1.60105,48.72066],[1.59687,48.72116],[1.59452,48.718],[1.59474,48.71682],[1.58966,48.71289],[1.58706,48.71028],[1.59195,48.7087],[1.59304,48.70996],[1.59471,48.70915],[1.59397,48.70852],[1.58848,48.70654],[1.58654,48.70559],[1.57823,48.70294],[1.57903,48.70209],[1.58271,48.70016],[1.58516,48.69938],[1.58231,48.69635],[1.58674,48.69511],[1.59111,48.69275],[1.59428,48.69514],[1.59755,48.69265],[1.60306,48.69052],[1.60553,48.68929],[1.61185,48.68929],[1.61134,48.6884],[1.61016,48.68415],[1.60609,48.67894],[1.60546,48.67627],[1.60429,48.6754],[1.60683,48.67395],[1.608,48.67252],[1.60112,48.66837],[1.60146,48.66539],[1.60253,48.66502],[1.60265,48.66331],[1.60331,48.66249],[1.60767,48.65986],[1.61023,48.65784],[1.61268,48.65472],[1.61597,48.65262],[1.62016,48.65056],[1.62131,48.64967],[1.62285,48.65106],[1.62588,48.64945],[1.62712,48.65068],[1.63054,48.64906],[1.63512,48.64918],[1.63874,48.65072],[1.64314,48.65128],[1.64284,48.64972],[1.64376,48.64812],[1.6416,48.64731],[1.63845,48.64519],[1.63996,48.64465],[1.6421,48.64261],[1.64444,48.6413],[1.64583,48.63993],[1.65123,48.63821],[1.65024,48.6373],[1.649,48.63475],[1.64932,48.63229],[1.65744,48.62984],[1.65663,48.62902],[1.65834,48.62789],[1.65722,48.62523],[1.655,48.62258],[1.6572,48.62166],[1.66047,48.61885],[1.66355,48.61687],[1.66653,48.61347],[1.66761,48.61407],[1.66702,48.61574],[1.6674,48.61698],[1.66975,48.61672],[1.67183,48.61587],[1.67248,48.61494],[1.67445,48.61466],[1.67636,48.61729],[1.67888,48.61878],[1.68017,48.61814],[1.68245,48.61978],[1.6835,48.61932],[1.68581,48.62032],[1.68656,48.61915],[1.69092,48.61714],[1.6907,48.61691],[1.68234,48.61563],[1.68362,48.614],[1.68681,48.61124],[1.68922,48.61154],[1.69098,48.6142],[1.69256,48.61465],[1.69894,48.61221],[1.70124,48.61264],[1.70362,48.61183],[1.70483,48.61283],[1.71497,48.61467],[1.71679,48.61109],[1.71855,48.61004],[1.71722,48.60756],[1.71814,48.60719],[1.71883,48.60575],[1.71363,48.59976],[1.71481,48.59918],[1.7129,48.59734],[1.71051,48.59639],[1.70903,48.59525],[1.70662,48.59196],[1.70533,48.58915],[1.70185,48.58505],[1.70447,48.58407],[1.71001,48.58151],[1.70925,48.57802],[1.71808,48.57621],[1.727,48.5726],[1.73091,48.57524],[1.73207,48.57548],[1.73669,48.57237],[1.74264,48.57341],[1.74356,48.57252],[1.74599,48.57606],[1.74831,48.57564],[1.75329,48.57463],[1.75745,48.57509],[1.75909,48.57319],[1.76165,48.57184],[1.76532,48.56936],[1.76211,48.56759],[1.76347,48.56722],[1.76281,48.5647],[1.76479,48.56301],[1.76616,48.56115],[1.76883,48.55845],[1.77333,48.55686],[1.7772,48.55513],[1.77873,48.55357],[1.77797,48.55264],[1.78754,48.55382],[1.78593,48.55048],[1.78559,48.5488],[1.78335,48.54642],[1.78389,48.54479],[1.78148,48.54069],[1.78177,48.53952],[1.77907,48.53598],[1.77555,48.52768],[1.77595,48.52517],[1.77702,48.52257],[1.77834,48.51772],[1.77637,48.51576],[1.77559,48.5139],[1.77711,48.50883],[1.78025,48.50926],[1.78042,48.50664],[1.78152,48.50492],[1.78289,48.50026],[1.78902,48.50015],[1.78869,48.49739],[1.79048,48.49709],[1.78886,48.49382],[1.78675,48.49197],[1.7854,48.49013],[1.78992,48.48891],[1.79208,48.48802],[1.7914,48.48703],[1.79466,48.48608],[1.79655,48.48461],[1.79499,48.48327],[1.79129,48.48113],[1.79402,48.47935],[1.79507,48.47748],[1.79908,48.47532],[1.80334,48.47252],[1.80101,48.4716],[1.8032,48.4692],[1.80129,48.46602],[1.80743,48.46584],[1.81053,48.46611],[1.81181,48.46631],[1.82018,48.46557],[1.82355,48.46629],[1.83243,48.46749],[1.83673,48.46709],[1.83553,48.46363],[1.83939,48.45811],[1.83974,48.45233],[1.84437,48.45201],[1.84473,48.44951],[1.84566,48.44955],[1.846,48.44725],[1.84488,48.44625],[1.85748,48.44684],[1.85764,48.4455],[1.86075,48.44564],[1.86105,48.44434],[1.86389,48.44451],[1.86429,48.4422],[1.86729,48.44186],[1.86941,48.44113],[1.87079,48.43983],[1.87881,48.44095],[1.87976,48.44086],[1.88419,48.44015],[1.88767,48.43967],[1.89278,48.44038],[1.89681,48.43924],[1.90125,48.43944],[1.90153,48.4388],[1.90433,48.43856],[1.90443,48.44001],[1.90646,48.43976],[1.90699,48.44529],[1.9116,48.4454],[1.91186,48.44785],[1.92095,48.44795],[1.92313,48.45331],[1.92202,48.45771],[1.9295,48.45713],[1.92767,48.45448],[1.93043,48.45357],[1.92848,48.45108],[1.93259,48.44936],[1.93155,48.44481],[1.93459,48.44377],[1.93299,48.44216],[1.9357,48.44101],[1.93833,48.44183],[1.94016,48.44186],[1.94287,48.44114],[1.93631,48.43455],[1.93946,48.43422],[1.93896,48.43211],[1.93697,48.43128],[1.93699,48.43026],[1.9388,48.42875],[1.93684,48.4279],[1.93783,48.42638],[1.94072,48.42578],[1.93974,48.41982],[1.93218,48.42049],[1.93212,48.41646],[1.92747,48.41658],[1.92582,48.41279],[1.93274,48.41089],[1.92833,48.40614],[1.93029,48.40403],[1.93209,48.4034],[1.93618,48.40453],[1.94022,48.40511],[1.94351,48.40613],[1.94755,48.40637],[1.9522,48.40631],[1.96216,48.40438],[1.96577,48.40344],[1.96763,48.40261],[1.97331,48.40136],[1.97819,48.40183],[1.97722,48.39957],[1.97333,48.39569],[1.97281,48.39387],[1.97401,48.39005],[1.97258,48.38901],[1.96974,48.38411],[1.96843,48.38422],[1.96766,48.38174],[1.96665,48.38064],[1.97082,48.38065],[1.97719,48.37992],[1.97759,48.37864],[1.98001,48.37844],[1.97956,48.37608],[1.97987,48.3747],[1.98181,48.37473],[1.98112,48.3725],[1.97956,48.3723],[1.98019,48.37026],[1.97755,48.36883],[1.98244,48.36883],[1.98399,48.36569],[1.98546,48.3643],[1.9875,48.36402],[1.98917,48.3636],[1.98495,48.36102],[1.98101,48.35986],[1.97659,48.35801],[1.97488,48.35655],[1.97283,48.35592],[1.97278,48.35408],[1.97406,48.35114],[1.97482,48.34723],[1.97398,48.34709],[1.97493,48.34474],[1.96986,48.3431],[1.97079,48.3424],[1.96848,48.34142],[1.97047,48.33904],[1.98237,48.32847],[1.97868,48.32628],[1.97426,48.32332],[1.98077,48.31873],[1.97909,48.31863],[1.97857,48.31385],[1.97898,48.31287],[1.97424,48.31283],[1.97455,48.31433],[1.97349,48.31595],[1.96949,48.31423],[1.96977,48.31386],[1.96573,48.31216],[1.9592,48.30869],[1.95984,48.3076],[1.95883,48.30662],[1.96237,48.30548],[1.96132,48.30493],[1.96208,48.30279],[1.96273,48.30174],[1.96383,48.29781],[1.96524,48.2955],[1.97085,48.29693],[1.97264,48.2967],[1.97124,48.29324],[1.97384,48.29321],[1.97565,48.29599],[1.97932,48.2959],[1.98219,48.29517],[1.98037,48.29245],[1.97418,48.29286],[1.97225,48.28822],[1.9748,48.28822],[1.97468,48.28734],[1.98062,48.28702],[1.98131,48.28829],[1.99009,48.28671],[1.99008,48.28767],[1.99377,48.28678],[1.99457,48.28263],[1.9874,48.26896],[1.9749,48.25804],[1.96537,48.25579],[1.96228,48.24574],[1.96684,48.23509],[1.9628,48.22254],[1.96746,48.22011],[1.97939,48.20401],[1.97085,48.19005],[1.96242,48.19433],[1.96662,48.20218],[1.95708,48.20362],[1.95106,48.19501],[1.95144,48.18961],[1.96518,48.1871],[1.97116,48.17811],[1.96903,48.17159],[1.95226,48.17509],[1.9449,48.17468],[1.94095,48.16774],[1.92463,48.17378],[1.90794,48.15905],[1.90338,48.15278],[1.90523,48.14628],[1.92045,48.14639],[1.91247,48.12921],[1.89958,48.12742],[1.89004,48.10564],[1.88438,48.09768],[1.87373,48.09908],[1.86517,48.0952],[1.8659,48.08366],[1.83787,48.0867],[1.83837,48.08074],[1.81298,48.08474],[1.80277,48.08917],[1.80041,48.08413],[1.79808,48.07673],[1.77991,48.0776],[1.77126,48.0701],[1.76046,48.07026],[1.75472,48.06516],[1.74517,48.06391],[1.72518,48.07063],[1.71887,48.06627],[1.70863,48.06717],[1.68918,48.07795],[1.67812,48.06621],[1.65925,48.07666],[1.63759,48.06799],[1.62402,48.07011],[1.62154,48.06407],[1.62489,48.05748],[1.62123,48.04832],[1.60816,48.04363],[1.59716,48.04318],[1.59412,48.0307],[1.58695,48.03052],[1.58638,48.03321],[1.56642,48.03623],[1.54539,48.04442],[1.5389,48.03829],[1.55093,48.03516],[1.54718,48.02951],[1.52258,48.03451],[1.51238,48.02804],[1.5179,48.01174],[1.52663,48.00719],[1.51706,47.99697],[1.52539,47.99278],[1.51828,47.98683],[1.52012,47.98228],[1.49897,47.98509],[1.48094,47.99757],[1.46547,48.00263],[1.45781,48.00786],[1.43925,48.01199],[1.43266,48.00867],[1.43507,47.98877],[1.44025,47.98386],[1.43743,47.97692],[1.4285,47.97357],[1.40627,47.97032],[1.39549,47.97525],[1.39385,47.97947],[1.38273,47.97843],[1.37474,47.96683],[1.36967,47.95382],[1.36253,47.95947],[1.34591,47.96522],[1.34381,47.95742],[1.3297,47.95787],[1.31251,47.9556],[1.30276,47.95951],[1.29962,47.96822],[1.27833,47.96581],[1.2684,47.96156],[1.26257,47.96291],[1.25706,47.9751],[1.24693,47.97888],[1.2244,47.97652],[1.21091,47.96874],[1.19647,47.96774],[1.19229,47.9722],[1.20268,47.97729],[1.19122,47.98402],[1.18711,48.00251],[1.1713,48.0088],[1.162,48.01795],[1.16705,48.02634],[1.1605,48.02898],[1.14399,48.0288],[1.13711,48.03322],[1.12282,48.03578],[1.11749,48.04315],[1.11623,48.05216],[1.1077,48.06469],[1.11137,48.06832],[1.11224,48.08073],[1.10603,48.08201],[1.07074,48.07563],[1.07008,48.08352],[1.06267,48.08683],[1.03977,48.08541],[1.02009,48.0875],[1.00861,48.08304],[0.9925,48.0919],[0.99137,48.09764],[1.00384,48.10565],[1.02801,48.11414],[1.04604,48.11774],[1.04803,48.12377],[1.03805,48.13208],[1.02954,48.13313],[1.01565,48.13304],[0.99508,48.12729],[0.98967,48.12157],[0.98132,48.11953],[0.95421,48.09961],[0.94405,48.11254],[0.92994,48.11212],[0.91729,48.10474],[0.89074,48.10199],[0.87953,48.10375],[0.87652,48.10966],[0.84171,48.10311],[0.85526,48.1229],[0.85231,48.13109],[0.86532,48.13448],[0.88267,48.13371],[0.91,48.1361],[0.91665,48.13894],[0.91139,48.14678],[0.91084,48.14953],[0.88882,48.15913],[0.85995,48.16769],[0.84366,48.16474],[0.83643,48.16758],[0.82648,48.17599],[0.81341,48.18098],[0.81108,48.18581],[0.80045,48.18877],[0.79786,48.19477],[0.8088,48.19761],[0.80544,48.2055],[0.81256,48.20639],[0.83034,48.21379],[0.82223,48.22359],[0.80603,48.23978],[0.80211,48.24992],[0.78948,48.26163],[0.79179,48.26505],[0.78587,48.27114],[0.79644,48.28711],[0.80767,48.28983],[0.79739,48.29137],[0.7785,48.3034],[0.75602,48.3006],[0.76273,48.30755],[0.76891,48.32182],[0.78423,48.33362],[0.7854,48.34046],[0.81844,48.34955],[0.82799,48.34231],[0.84079,48.34687],[0.85227,48.34846],[0.8729,48.35621],[0.88351,48.35654],[0.90063,48.37398],[0.90735,48.3701],[0.91428,48.37766],[0.92629,48.38418],[0.92892,48.39069],[0.94059,48.39832],[0.95043,48.39945],[0.94373,48.41007],[0.94531,48.41823],[0.9548,48.42238],[0.9566,48.42742],[0.96545,48.43092],[0.97642,48.43877],[0.95854,48.44251],[0.93897,48.46084],[0.93827,48.46924],[0.93569,48.4756],[0.95357,48.48025],[0.95542,48.49286],[0.94147,48.49883],[0.95345,48.50314],[0.96742,48.52385],[0.93297,48.53259],[0.92252,48.53774],[0.93656,48.54679],[0.93859,48.55082],[0.92573,48.55986],[0.92366,48.55826],[0.89414,48.57169],[0.88048,48.57425],[0.86834,48.57278],[0.84957,48.58432],[0.8471,48.60969],[0.83979,48.60822],[0.82812,48.61095],[0.81964,48.60987],[0.81723,48.61568],[0.82755,48.63111],[0.83176,48.63342],[0.82468,48.63377],[0.82156,48.64461],[0.82345,48.65075],[0.81765,48.65977],[0.8093,48.66471],[0.81483,48.67016],[0.82726,48.68072],[0.84213,48.67902],[0.8503,48.68295],[0.86402,48.68781],[0.86078,48.6933],[0.86868,48.69892],[0.86661,48.70364],[0.87685,48.71568],[0.89025,48.72037],[0.89936,48.7105],[0.92116,48.70915],[0.9369,48.71383],[0.95597,48.71732],[0.96145,48.7258],[0.97823,48.7309],[0.98507,48.72593],[0.9974,48.72827],[1.01683,48.72842],[1.02205,48.73483],[1.02905,48.72872],[1.03661,48.73034],[1.03396,48.73942],[1.04347,48.74258],[1.04691,48.74843],[1.06294,48.75913],[1.07713,48.75012],[1.08837,48.75675],[1.0923,48.75],[1.11389,48.74608],[1.11269,48.75186],[1.11957,48.75575],[1.1181,48.76607],[1.12491,48.76763],[1.11738,48.78449],[1.12138,48.78924],[1.13539,48.78531],[1.15186,48.78593],[1.14904,48.77776],[1.1631,48.76912],[1.18741,48.77305],[1.19858,48.7695],[1.22305,48.75798],[1.22288,48.76734],[1.24547,48.76955],[1.2566,48.76572],[1.25462,48.75854],[1.26818,48.75728],[1.27835,48.76302],[1.29641,48.76814],[1.31148,48.76493],[1.31325,48.76411],[1.31955,48.76082],[1.33323,48.76283],[1.34202,48.77241],[1.35576,48.7792],[1.35634,48.77939],[1.36511,48.78398],[1.37346,48.78104],[1.37754,48.78931],[1.37024,48.8007]]]},"properties":{"dep":"28","code":"28","nom":"28"}},{"type":"Feature","geometry":{"type":"Polygon","coordinates":[[[1.11389,48.74608],[1.0923,48.75],[1.08837,48.75675],[1.07713,48.75012],[1.06294,48.75913],[1.04691,48.74843],[1.04347,48.74258],[1.03396,48.73942],[1.03661,48.73034],[1.02905,48.72872],[1.02205,48.73483],[1.01683,48.72842],[0.9974,48.72827],[0.98507,48.72593],[0.97823,48.7309],[0.96145,48.7258],[0.95597,48.71732],[0.9369,48.71383],[0.92116,48.70915],[0.89936,48.7105],[0.89025,48.72037],[0.87685,48.71568],[0.86661,48.70364],[0.86868,48.69892],[0.86078,48.6933],[0.86402,48.68781],[0.8503,48.68295],[0.84213,48.67902],[0.82726,48.68072],[0.81483,48.67016],[0.80091,48.67426],[0.79165,48.67444],[0.78232,48.6667],[0.76872,48.6699],[0.76413,48.67572],[0.76141,48.68734],[0.76769,48.6932],[0.76732,48.69583],[0.74995,48.70475],[0.73179,48.70322],[0.72866,48.70682],[0.7422,48.71669],[0.75912,48.72036],[0.76049,48.7282],[0.77503,48.73735],[0.76166,48.75211],[0.74931,48.76103],[0.7559,48.77015],[0.74019,48.77658],[0.73043,48.7863],[0.70377,48.79153],[0.68787,48.79522],[0.6651,48.80991],[0.66,48.81168],[0.64285,48.81659],[0.62822,48.82521],[0.60756,48.83279],[0.61476,48.83735],[0.6167,48.84347],[0.63395,48.85619],[0.61773,48.85241],[0.60355,48.86382],[0.60856,48.87405],[0.59647,48.87547],[0.58963,48.8726],[0.58616,48.88148],[0.59503,48.88857],[0.57803,48.89371],[0.56672,48.88801],[0.55367,48.87701],[0.55128,48.87443],[0.52088,48.88079],[0.50664,48.87717],[0.49482,48.8787],[0.47306,48.88751],[0.45858,48.88754],[0.45278,48.87912],[0.44258,48.8828],[0.4502,48.89103],[0.43611,48.88534],[0.423,48.88661],[0.418,48.89173],[0.42125,48.89868],[0.40598,48.90062],[0.4021,48.90532],[0.38605,48.91049],[0.38633,48.91862],[0.39516,48.92921],[0.41065,48.94589],[0.41272,48.95043],[0.4322,48.97191],[0.42958,48.98712],[0.43376,49.0033],[0.43733,49.00924],[0.44563,49.01397],[0.44606,49.01901],[0.44242,49.02475],[0.43111,49.02356],[0.42776,49.03229],[0.39019,49.03395],[0.3809,49.04107],[0.37745,49.04887],[0.36715,49.05241],[0.37881,49.05991],[0.37947,49.07163],[0.39107,49.07795],[0.41762,49.07347],[0.41646,49.08738],[0.40525,49.08635],[0.41011,49.09766],[0.39858,49.09896],[0.40686,49.112],[0.40972,49.12212],[0.40833,49.1285],[0.42464,49.13008],[0.42814,49.14016],[0.4326,49.14235],[0.4268,49.14688],[0.41156,49.14604],[0.40739,49.14892],[0.39047,49.15059],[0.38581,49.15671],[0.39055,49.16328],[0.39212,49.17857],[0.38733,49.18517],[0.38832,49.19767],[0.39482,49.2095],[0.38299,49.21607],[0.36676,49.21608],[0.35662,49.22397],[0.33786,49.23094],[0.33356,49.23758],[0.32048,49.24823],[0.31993,49.25232],[0.34339,49.25371],[0.36099,49.26085],[0.36615,49.25991],[0.38279,49.26407],[0.38084,49.28267],[0.38368,49.28583],[0.36571,49.29521],[0.34267,49.29565],[0.32591,49.2779],[0.31084,49.28112],[0.30936,49.28582],[0.32285,49.29658],[0.31436,49.30836],[0.31603,49.31133],[0.29816,49.31445],[0.31294,49.32258],[0.32295,49.33804],[0.32101,49.34521],[0.30817,49.35821],[0.3021,49.37498],[0.30879,49.38656],[0.30503,49.39978],[0.29681,49.41027],[0.29688,49.42991],[0.30994,49.43097],[0.33721,49.43395],[0.33758,49.43767],[0.33835,49.44543],[0.36932,49.44448],[0.40562,49.45095],[0.42562,49.4568],[0.43525,49.46005],[0.47342,49.47704],[0.48857,49.48324],[0.50283,49.48529],[0.51636,49.48229],[0.52693,49.47651],[0.53915,49.46624],[0.56086,49.44826],[0.57279,49.43867],[0.58324,49.4329],[0.59883,49.42916],[0.61445,49.42993],[0.64258,49.44448],[0.64554,49.44165],[0.6338,49.43387],[0.6296,49.42422],[0.641,49.42785],[0.64504,49.42174],[0.65232,49.42202],[0.66004,49.41576],[0.64941,49.40903],[0.6574,49.40572],[0.67072,49.40366],[0.69049,49.40651],[0.7054,49.40242],[0.71452,49.40998],[0.73745,49.40878],[0.7461,49.41447],[0.75946,49.41479],[0.76368,49.41949],[0.77585,49.41754],[0.77939,49.41201],[0.7879,49.41289],[0.79682,49.41724],[0.80799,49.40995],[0.81895,49.39819],[0.83357,49.39355],[0.84896,49.39244],[0.87466,49.39277],[0.88568,49.38335],[0.87878,49.37255],[0.89298,49.37222],[0.89606,49.37966],[0.91788,49.38538],[0.91834,49.36972],[0.92455,49.35894],[0.92343,49.34991],[0.93209,49.34507],[0.92072,49.33821],[0.8858,49.34659],[0.87093,49.34187],[0.86401,49.34595],[0.85948,49.33978],[0.84797,49.33609],[0.84834,49.3317],[0.85226,49.32657],[0.88629,49.32015],[0.89188,49.31422],[0.89261,49.30218],[0.89962,49.2981],[0.91026,49.29859],[0.9071,49.30769],[0.9257,49.31342],[0.93736,49.32286],[0.94939,49.30302],[0.95251,49.29399],[0.9671,49.28643],[0.95306,49.27954],[0.95913,49.27315],[0.97076,49.28063],[0.97461,49.27315],[0.98617,49.26952],[0.98586,49.26463],[0.9955,49.26023],[0.99322,49.25333],[0.99956,49.25171],[1.01559,49.25332],[1.02756,49.25971],[1.03865,49.25806],[1.05116,49.25844],[1.06417,49.2614],[1.05385,49.26794],[1.05237,49.27338],[1.06879,49.27671],[1.04814,49.29793],[1.07174,49.30637],[1.0861,49.30954],[1.12978,49.3097],[1.13362,49.30987],[1.1346,49.32489],[1.15456,49.33513],[1.1646,49.34296],[1.16864,49.33601],[1.17381,49.34208],[1.1828,49.34381],[1.18502,49.33799],[1.18593,49.33782],[1.20145,49.33954],[1.19943,49.35109],[1.2181,49.34883],[1.24597,49.34754],[1.27222,49.34628],[1.27214,49.3542],[1.28178,49.35695],[1.28651,49.36293],[1.28932,49.37563],[1.28526,49.38298],[1.29162,49.38834],[1.29311,49.39499],[1.3079,49.39637],[1.31572,49.41084],[1.31111,49.42847],[1.3302,49.43118],[1.33818,49.42878],[1.33603,49.438],[1.34968,49.43821],[1.34104,49.4422],[1.34513,49.44801],[1.36152,49.44817],[1.38626,49.46217],[1.38082,49.45061],[1.39377,49.44926],[1.39669,49.45483],[1.41148,49.45583],[1.43081,49.45591],[1.44877,49.45023],[1.47619,49.45162],[1.49611,49.44633],[1.50202,49.43965],[1.51156,49.43874],[1.52965,49.44241],[1.53713,49.42999],[1.54651,49.43986],[1.55594,49.44195],[1.57644,49.44049],[1.58517,49.4318],[1.59895,49.42073],[1.60678,49.41116],[1.62835,49.41206],[1.64748,49.40323],[1.65952,49.39897],[1.668,49.40725],[1.68196,49.40276],[1.69454,49.39511],[1.70442,49.41075],[1.71403,49.40933],[1.72084,49.40573],[1.74049,49.40559],[1.72717,49.39749],[1.71994,49.39549],[1.73011,49.39068],[1.73621,49.38376],[1.74498,49.38034],[1.75033,49.37065],[1.75953,49.36822],[1.75805,49.35703],[1.77419,49.33751],[1.77079,49.326],[1.76726,49.31589],[1.77211,49.31407],[1.77531,49.2984],[1.77193,49.29397],[1.7844,49.29321],[1.7914,49.28818],[1.8024,49.2735],[1.78943,49.25369],[1.79042,49.24694],[1.7903,49.24682],[1.76694,49.25204],[1.765,49.26341],[1.75904,49.26276],[1.75441,49.26999],[1.75039,49.26751],[1.73644,49.27032],[1.72619,49.26477],[1.71155,49.26448],[1.7065,49.25424],[1.70123,49.25182],[1.70149,49.24246],[1.69896,49.23501],[1.70435,49.23243],[1.70259,49.23137],[1.70382,49.22954],[1.70226,49.22802],[1.69869,49.22606],[1.69868,49.22487],[1.69254,49.22389],[1.6908,49.22261],[1.69114,49.22123],[1.68994,49.2206],[1.68859,49.21855],[1.68607,49.21815],[1.68467,49.21658],[1.68246,49.2162],[1.67983,49.21433],[1.67735,49.21355],[1.67693,49.21214],[1.67485,49.21167],[1.67376,49.2094],[1.67419,49.20883],[1.67221,49.20634],[1.67497,49.20407],[1.67648,49.20383],[1.6769,49.20266],[1.67626,49.20015],[1.6748,49.19685],[1.67054,49.19338],[1.6715,49.19136],[1.67054,49.18991],[1.66918,49.18746],[1.66966,49.18498],[1.67081,49.18447],[1.67084,49.18236],[1.67162,49.18075],[1.66995,49.18063],[1.66744,49.17967],[1.66754,49.17787],[1.66609,49.17675],[1.66634,49.17548],[1.66837,49.17317],[1.66874,49.17147],[1.67017,49.17014],[1.66612,49.16645],[1.66476,49.16604],[1.66425,49.16302],[1.66305,49.16081],[1.663,49.15937],[1.6607,49.15759],[1.66407,49.15414],[1.66427,49.15327],[1.65948,49.15149],[1.6585,49.1491],[1.65583,49.14847],[1.65607,49.14762],[1.65313,49.14493],[1.65322,49.14294],[1.65241,49.14113],[1.65315,49.13693],[1.65667,49.13757],[1.65748,49.13566],[1.65679,49.13395],[1.65785,49.13194],[1.65565,49.13076],[1.65567,49.12996],[1.65271,49.12935],[1.65225,49.12747],[1.65028,49.12706],[1.64993,49.12519],[1.64736,49.12466],[1.64642,49.12374],[1.64661,49.12141],[1.6452,49.12058],[1.64422,49.11821],[1.64242,49.1166],[1.63947,49.1164],[1.63579,49.1143],[1.63428,49.11277],[1.63229,49.11203],[1.63298,49.1108],[1.6297,49.11017],[1.62944,49.10729],[1.62666,49.10471],[1.62728,49.1029],[1.62138,49.10072],[1.62131,49.09817],[1.61908,49.09726],[1.61758,49.09402],[1.62263,49.0934],[1.62285,49.09104],[1.61975,49.08875],[1.61922,49.08771],[1.62341,49.086],[1.61571,49.08234],[1.61399,49.08043],[1.61228,49.08011],[1.60875,49.07771],[1.60532,49.08105],[1.60351,49.08332],[1.60704,49.08411],[1.60503,49.08517],[1.59996,49.08402],[1.598,49.084],[1.59417,49.08269],[1.59186,49.08262],[1.59046,49.08141],[1.58767,49.08112],[1.58536,49.08029],[1.58063,49.0796],[1.5801,49.07867],[1.57757,49.07881],[1.57287,49.07806],[1.57187,49.07673],[1.56976,49.07589],[1.5705,49.07485],[1.56884,49.07298],[1.56693,49.07295],[1.56491,49.07144],[1.56217,49.07109],[1.56135,49.07019],[1.5579,49.06911],[1.5565,49.06995],[1.55318,49.07044],[1.55281,49.0712],[1.55037,49.07256],[1.54656,49.0723],[1.5425,49.07254],[1.54166,49.07374],[1.53829,49.07239],[1.53689,49.07247],[1.53416,49.07102],[1.53275,49.07185],[1.53122,49.06994],[1.52973,49.07046],[1.52594,49.0698],[1.52302,49.06821],[1.52135,49.06835],[1.51986,49.07111],[1.51668,49.07614],[1.51831,49.0778],[1.51785,49.07917],[1.5125,49.08385],[1.50985,49.08424],[1.50793,49.08541],[1.50666,49.08413],[1.50918,49.08342],[1.5106,49.08212],[1.51252,49.08159],[1.51427,49.07938],[1.51256,49.07549],[1.51134,49.0739],[1.50933,49.06987],[1.51001,49.06818],[1.50965,49.06628],[1.50773,49.06434],[1.50479,49.06045],[1.50293,49.0593],[1.5004,49.05853],[1.49711,49.05842],[1.49341,49.05686],[1.4878,49.05333],[1.4871,49.05159],[1.48547,49.05147],[1.48287,49.05232],[1.47881,49.05217],[1.47413,49.05458],[1.47195,49.05808],[1.4693,49.05951],[1.46674,49.05988],[1.46484,49.06088],[1.46458,49.06222],[1.46179,49.06397],[1.45742,49.05927],[1.45729,49.05769],[1.45581,49.05729],[1.44729,49.0535],[1.45277,49.05037],[1.45016,49.04797],[1.4463,49.04633],[1.45403,49.03829],[1.45613,49.03676],[1.45824,49.03454],[1.45744,49.03046],[1.45799,49.02597],[1.46098,49.02373],[1.46573,49.02147],[1.4695,49.01936],[1.47158,49.01861],[1.47701,49.01682],[1.4764,49.01548],[1.47775,49.0139],[1.47388,49.00966],[1.48001,49.00725],[1.48033,49.00515],[1.47993,49.00421],[1.48067,49.00104],[1.47808,48.99931],[1.47875,48.99873],[1.47697,48.99726],[1.47414,48.99779],[1.47067,48.994],[1.46907,48.99322],[1.4713,48.99119],[1.47174,48.98972],[1.4615,48.98896],[1.46104,48.98674],[1.46271,48.98483],[1.46518,48.98484],[1.46676,48.98294],[1.46745,48.97983],[1.47098,48.97495],[1.4776,48.97699],[1.47526,48.97948],[1.4787,48.98068],[1.48133,48.97847],[1.48423,48.97978],[1.48886,48.97959],[1.49159,48.97915],[1.49843,48.97908],[1.49779,48.9797],[1.50051,48.98113],[1.50452,48.98223],[1.5079,48.98386],[1.51242,48.97866],[1.51827,48.9784],[1.51522,48.97653],[1.51144,48.97549],[1.50504,48.97309],[1.50541,48.97255],[1.49664,48.96947],[1.49324,48.96567],[1.49183,48.96463],[1.49686,48.96222],[1.4988,48.96028],[1.49901,48.95684],[1.49519,48.95682],[1.50106,48.95268],[1.50298,48.95207],[1.50548,48.95231],[1.50577,48.95391],[1.51088,48.95359],[1.5014,48.94103],[1.49225,48.93624],[1.48038,48.94049],[1.46114,48.93751],[1.45864,48.9279],[1.44781,48.92461],[1.45947,48.91454],[1.46049,48.90967],[1.46188,48.89934],[1.47161,48.89747],[1.46645,48.88852],[1.4654,48.87927],[1.45772,48.87155],[1.44993,48.86953],[1.44087,48.86476],[1.43025,48.86631],[1.42386,48.86132],[1.40593,48.86115],[1.3981,48.8567],[1.38991,48.84633],[1.37983,48.84328],[1.35961,48.83105],[1.35963,48.82215],[1.35581,48.81672],[1.36633,48.80466],[1.36809,48.80285],[1.37024,48.8007],[1.37754,48.78931],[1.37346,48.78104],[1.36511,48.78398],[1.35634,48.77939],[1.35576,48.7792],[1.34202,48.77241],[1.33323,48.76283],[1.31955,48.76082],[1.31325,48.76411],[1.31148,48.76493],[1.29641,48.76814],[1.27835,48.76302],[1.26818,48.75728],[1.25462,48.75854],[1.2566,48.76572],[1.24547,48.76955],[1.22288,48.76734],[1.22305,48.75798],[1.19858,48.7695],[1.18741,48.77305],[1.1631,48.76912],[1.14904,48.77776],[1.15186,48.78593],[1.13539,48.78531],[1.12138,48.78924],[1.11738,48.78449],[1.12491,48.76763],[1.1181,48.76607],[1.11957,48.75575],[1.11269,48.75186],[1.11389,48.74608]]]},"properties":{"dep":"27","code":"27","nom":"27"}}]}